"country","year","totale_energetico"
"Afghanistan",1990,"0"
"Afghanistan",1991,"0"
"Afghanistan",1992,"0"
"Afghanistan",1993,"0"
"Afghanistan",1994,"0"
"Afghanistan",1995,"0"
"Afghanistan",1996,"0"
"Afghanistan",1997,"0"
"Afghanistan",1998,"0"
"Afghanistan",1999,"0"
"Afghanistan",2000,"0"
"Afghanistan",2001,"0"
"Afghanistan",2002,"0"
"Afghanistan",2003,"0"
"Afghanistan",2004,"0"
"Afghanistan",2005,"0"
"Afghanistan",2006,"0"
"Afghanistan",2007,"0"
"Afghanistan",2008,"0"
"Afghanistan",2009,"0"
"Afghanistan",2010,"0"
"Afghanistan",2011,"0"
"Afghanistan",2012,"0"
"Afghanistan",2013,"0"
"Afghanistan",2014,"0"
"Afghanistan",2015,"0"
"Afghanistan",2016,"0"
"Afghanistan",2017,"0"
"Afghanistan",2018,"0"
"Afghanistan",2019,"0"
"Afghanistan",2020,"0"
"Afghanistan",2021,"0"
"Albania",1990,"0"
"Albania",1991,"0"
"Albania",1992,"0"
"Albania",1993,"0"
"Albania",1994,"0"
"Albania",1995,"0"
"Albania",1996,"0"
"Albania",1997,"0"
"Albania",1998,"0"
"Albania",1999,"0"
"Albania",2000,"0"
"Albania",2001,"0"
"Albania",2002,"0"
"Albania",2003,"0"
"Albania",2004,"0"
"Albania",2005,"0"
"Albania",2006,"0"
"Albania",2007,"0"
"Albania",2008,"0"
"Albania",2009,"0"
"Albania",2010,"0"
"Albania",2011,"0"
"Albania",2012,"0"
"Albania",2013,"0"
"Albania",2014,"0"
"Albania",2015,"0"
"Albania",2016,"0"
"Albania",2017,"0"
"Albania",2018,"0"
"Albania",2019,"0"
"Albania",2020,"0"
"Albania",2021,"0"
"Algeria",1990,"314.974"
"Algeria",1991,"312.094"
"Algeria",1992,"320.227"
"Algeria",1993,"297.996"
"Algeria",1994,"301.922"
"Algeria",1995,"313.145"
"Algeria",1996,"309.924"
"Algeria",1997,"297.860"
"Algeria",1998,"308.349"
"Algeria",1999,"311.434"
"Algeria",2000,"299.946"
"Algeria",2001,"310.813"
"Algeria",2002,"321.950"
"Algeria",2003,"336.923"
"Algeria",2004,"349.777"
"Algeria",2005,"366.271"
"Algeria",2006,"379.220"
"Algeria",2007,"399.640"
"Algeria",2008,"423.557"
"Algeria",2009,"448.859"
"Algeria",2010,"438.994"
"Algeria",2011,"464.489"
"Algeria",2012,"507.672"
"Algeria",2013,"536.977"
"Algeria",2014,"585.614"
"Algeria",2015,"617.517"
"Algeria",2016,"616.996"
"Algeria",2017,"623.795"
"Algeria",2018,"669.619"
"Algeria",2019,"694.348"
"Algeria",2020,"648.898"
"Algeria",2021,"703.067"
"Algeria",2022,"684.869"
"American Samoa",1990,"0"
"American Samoa",1991,"0"
"American Samoa",1992,"0"
"American Samoa",1993,"0"
"American Samoa",1994,"0"
"American Samoa",1995,"0"
"American Samoa",1996,"0"
"American Samoa",1997,"0"
"American Samoa",1998,"0"
"American Samoa",1999,"0"
"American Samoa",2000,"0"
"American Samoa",2001,"0"
"American Samoa",2002,"0"
"American Samoa",2003,"0"
"American Samoa",2004,"0"
"American Samoa",2005,"0"
"American Samoa",2006,"0"
"American Samoa",2007,"0"
"American Samoa",2008,"0"
"American Samoa",2009,"0"
"American Samoa",2010,"0"
"American Samoa",2011,"0"
"American Samoa",2012,"0"
"American Samoa",2013,"0"
"American Samoa",2014,"0"
"American Samoa",2015,"0"
"American Samoa",2016,"0"
"American Samoa",2017,"0"
"American Samoa",2018,"0"
"American Samoa",2019,"0"
"American Samoa",2020,"0"
"American Samoa",2021,"0"
"Angola",1990,"0"
"Angola",1991,"0"
"Angola",1992,"0"
"Angola",1993,"0"
"Angola",1994,"0"
"Angola",1995,"0"
"Angola",1996,"0"
"Angola",1997,"0"
"Angola",1998,"0"
"Angola",1999,"0"
"Angola",2000,"0"
"Angola",2001,"0"
"Angola",2002,"0"
"Angola",2003,"0"
"Angola",2004,"0"
"Angola",2005,"0"
"Angola",2006,"0"
"Angola",2007,"0"
"Angola",2008,"0"
"Angola",2009,"0"
"Angola",2010,"0"
"Angola",2011,"0"
"Angola",2012,"0"
"Angola",2013,"0"
"Angola",2014,"0"
"Angola",2015,"0"
"Angola",2016,"0"
"Angola",2017,"0"
"Angola",2018,"0"
"Angola",2019,"0"
"Angola",2020,"0"
"Angola",2021,"0"
"Angola",2022,"0"
"Antarctica",1990,"0"
"Antarctica",1991,"0"
"Antarctica",1992,"0"
"Antarctica",1993,"0"
"Antarctica",1994,"0"
"Antarctica",1995,"0"
"Antarctica",1996,"0"
"Antarctica",1997,"0"
"Antarctica",1998,"0"
"Antarctica",1999,"0"
"Antarctica",2000,"0"
"Antarctica",2001,"0"
"Antarctica",2002,"0"
"Antarctica",2003,"0"
"Antarctica",2004,"0"
"Antarctica",2005,"0"
"Antarctica",2006,"0"
"Antarctica",2007,"0"
"Antarctica",2008,"0"
"Antarctica",2009,"0"
"Antarctica",2010,"0"
"Antarctica",2011,"0"
"Antarctica",2012,"0"
"Antarctica",2013,"0"
"Antarctica",2014,"0"
"Antarctica",2015,"0"
"Antarctica",2016,"0"
"Antarctica",2017,"0"
"Antarctica",2018,"0"
"Antarctica",2019,"0"
"Antarctica",2020,"0"
"Antarctica",2021,"0"
"Antigua and Barbuda",1990,"0"
"Antigua and Barbuda",1991,"0"
"Antigua and Barbuda",1992,"0"
"Antigua and Barbuda",1993,"0"
"Antigua and Barbuda",1994,"0"
"Antigua and Barbuda",1995,"0"
"Antigua and Barbuda",1996,"0"
"Antigua and Barbuda",1997,"0"
"Antigua and Barbuda",1998,"0"
"Antigua and Barbuda",1999,"0"
"Antigua and Barbuda",2000,"0"
"Antigua and Barbuda",2001,"0"
"Antigua and Barbuda",2002,"0"
"Antigua and Barbuda",2003,"0"
"Antigua and Barbuda",2004,"0"
"Antigua and Barbuda",2005,"0"
"Antigua and Barbuda",2006,"0"
"Antigua and Barbuda",2007,"0"
"Antigua and Barbuda",2008,"0"
"Antigua and Barbuda",2009,"0"
"Antigua and Barbuda",2010,"0"
"Antigua and Barbuda",2011,"0"
"Antigua and Barbuda",2012,"0"
"Antigua and Barbuda",2013,"0"
"Antigua and Barbuda",2014,"0"
"Antigua and Barbuda",2015,"0"
"Antigua and Barbuda",2016,"0"
"Antigua and Barbuda",2017,"0"
"Antigua and Barbuda",2018,"0"
"Antigua and Barbuda",2019,"0"
"Antigua and Barbuda",2020,"0"
"Antigua and Barbuda",2021,"0"
"Argentina",1990,"512.597"
"Argentina",1991,"520.928"
"Argentina",1992,"558.893"
"Argentina",1993,"577.537"
"Argentina",1994,"608.444"
"Argentina",1995,"627.857"
"Argentina",1996,"656.416"
"Argentina",1997,"664.184"
"Argentina",1998,"687.764"
"Argentina",1999,"695.229"
"Argentina",2000,"697.545"
"Argentina",2001,"681.366"
"Argentina",2002,"652.782"
"Argentina",2003,"698.694"
"Argentina",2004,"742.048"
"Argentina",2005,"787.581"
"Argentina",2006,"827.203"
"Argentina",2007,"862.227"
"Argentina",2008,"873.328"
"Argentina",2009,"848.716"
"Argentina",2010,"879.571"
"Argentina",2011,"904.655"
"Argentina",2012,"939.067"
"Argentina",2013,"976.524"
"Argentina",2014,"975.124"
"Argentina",2015,"992.193"
"Argentina",2016,"988.666"
"Argentina",2017,"986.731"
"Argentina",2018,"979.822"
"Argentina",2019,"922.647"
"Argentina",2020,"862.806"
"Argentina",2021,"958.478"
"Argentina",2022,"993.501"
"Armenia",1992,"0"
"Armenia",1993,"0"
"Armenia",1994,"0"
"Armenia",1995,"0"
"Armenia",1996,"0"
"Armenia",1997,"0"
"Armenia",1998,"0"
"Armenia",1999,"0"
"Armenia",2000,"0"
"Armenia",2001,"0"
"Armenia",2002,"0"
"Armenia",2003,"0"
"Armenia",2004,"0"
"Armenia",2005,"0"
"Armenia",2006,"0"
"Armenia",2007,"0"
"Armenia",2008,"0"
"Armenia",2009,"0"
"Armenia",2010,"0"
"Armenia",2011,"0"
"Armenia",2012,"0"
"Armenia",2013,"0"
"Armenia",2014,"0"
"Armenia",2015,"0"
"Armenia",2016,"0"
"Armenia",2017,"0"
"Armenia",2018,"0"
"Armenia",2019,"0"
"Armenia",2020,"0"
"Armenia",2021,"0"
"Aruba",1990,"0"
"Aruba",1991,"0"
"Aruba",1992,"0"
"Aruba",1993,"0"
"Aruba",1994,"0"
"Aruba",1995,"0"
"Aruba",1996,"0"
"Aruba",1997,"0"
"Aruba",1998,"0"
"Aruba",1999,"0"
"Aruba",2000,"0"
"Aruba",2001,"0"
"Aruba",2002,"0"
"Aruba",2003,"0"
"Aruba",2004,"0"
"Aruba",2005,"0"
"Aruba",2006,"0"
"Aruba",2007,"0"
"Aruba",2008,"0"
"Aruba",2009,"0"
"Aruba",2010,"0"
"Aruba",2011,"0"
"Aruba",2012,"0"
"Aruba",2013,"0"
"Aruba",2014,"0"
"Aruba",2015,"0"
"Aruba",2016,"0"
"Aruba",2017,"0"
"Aruba",2018,"0"
"Aruba",2019,"0"
"Aruba",2020,"0"
"Aruba",2021,"0"
"Australia",1990,"1030.635"
"Australia",1991,"1023.009"
"Australia",1992,"1040.050"
"Australia",1993,"1061.939"
"Australia",1994,"1103.242"
"Australia",1995,"1151.665"
"Australia",1996,"1185.116"
"Australia",1997,"1214.105"
"Australia",1998,"1242.879"
"Australia",1999,"1293.729"
"Australia",2000,"1302.420"
"Australia",2001,"1312.838"
"Australia",2002,"1337.701"
"Australia",2003,"1355.462"
"Australia",2004,"1395.457"
"Australia",2005,"1397.994"
"Australia",2006,"1458.285"
"Australia",2007,"1492.520"
"Australia",2008,"1519.946"
"Australia",2009,"1500.649"
"Australia",2010,"1501.045"
"Australia",2011,"1550.386"
"Australia",2012,"1526.224"
"Australia",2013,"1544.951"
"Australia",2014,"1555.137"
"Australia",2015,"1589.812"
"Australia",2016,"1595.188"
"Australia",2017,"1590.601"
"Australia",2018,"1614.011"
"Australia",2019,"1669.185"
"Australia",2020,"1576.196"
"Australia",2021,"1581.915"
"Australia",2022,"1650.826"
"Austria",1990,"331.521"
"Austria",1991,"347.601"
"Austria",1992,"341.728"
"Austria",1993,"347.779"
"Austria",1994,"346.105"
"Austria",1995,"361.102"
"Austria",1996,"362.431"
"Austria",1997,"369.805"
"Austria",1998,"375.400"
"Austria",1999,"384.952"
"Austria",2000,"386.537"
"Austria",2001,"400.044"
"Austria",2002,"401.155"
"Austria",2003,"404.791"
"Austria",2004,"411.296"
"Austria",2005,"417.671"
"Austria",2006,"410.621"
"Austria",2007,"398.972"
"Austria",2008,"406.674"
"Austria",2009,"393.137"
"Austria",2010,"405.794"
"Austria",2011,"381.473"
"Austria",2012,"399.549"
"Austria",2013,"396.168"
"Austria",2014,"380.238"
"Austria",2015,"379.961"
"Austria",2016,"392.676"
"Austria",2017,"401.457"
"Austria",2018,"392.533"
"Austria",2019,"414.126"
"Austria",2020,"386.414"
"Austria",2021,"389.307"
"Austria",2022,"366.601"
"Azerbaijan",1990,"260.552"
"Azerbaijan",1991,"250.351"
"Azerbaijan",1992,"214.394"
"Azerbaijan",1993,"185.980"
"Azerbaijan",1994,"170.865"
"Azerbaijan",1995,"160.648"
"Azerbaijan",1996,"131.741"
"Azerbaijan",1997,"126.155"
"Azerbaijan",1998,"126.645"
"Azerbaijan",1999,"126.353"
"Azerbaijan",2000,"132.056"
"Azerbaijan",2001,"127.227"
"Azerbaijan",2002,"125.608"
"Azerbaijan",2003,"136.035"
"Azerbaijan",2004,"153.898"
"Azerbaijan",2005,"166.837"
"Azerbaijan",2006,"164.092"
"Azerbaijan",2007,"151.071"
"Azerbaijan",2008,"152.393"
"Azerbaijan",2009,"130.857"
"Azerbaijan",2010,"128.940"
"Azerbaijan",2011,"146.597"
"Azerbaijan",2012,"151.168"
"Azerbaijan",2013,"154.437"
"Azerbaijan",2014,"157.009"
"Azerbaijan",2015,"171.715"
"Azerbaijan",2016,"170.210"
"Azerbaijan",2017,"167.044"
"Azerbaijan",2018,"171.291"
"Azerbaijan",2019,"179.240"
"Azerbaijan",2020,"182.789"
"Azerbaijan",2021,"195.373"
"Azerbaijan",2022,"193.866"
"Bahamas",1990,"0"
"Bahamas",1991,"0"
"Bahamas",1992,"0"
"Bahamas",1993,"0"
"Bahamas",1994,"0"
"Bahamas",1995,"0"
"Bahamas",1996,"0"
"Bahamas",1997,"0"
"Bahamas",1998,"0"
"Bahamas",1999,"0"
"Bahamas",2000,"0"
"Bahamas",2001,"0"
"Bahamas",2002,"0"
"Bahamas",2003,"0"
"Bahamas",2004,"0"
"Bahamas",2005,"0"
"Bahamas",2006,"0"
"Bahamas",2007,"0"
"Bahamas",2008,"0"
"Bahamas",2009,"0"
"Bahamas",2010,"0"
"Bahamas",2011,"0"
"Bahamas",2012,"0"
"Bahamas",2013,"0"
"Bahamas",2014,"0"
"Bahamas",2015,"0"
"Bahamas",2016,"0"
"Bahamas",2017,"0"
"Bahamas",2018,"0"
"Bahamas",2019,"0"
"Bahamas",2020,"0"
"Bahamas",2021,"0"
"Bahrain",1990,"0"
"Bahrain",1991,"0"
"Bahrain",1992,"0"
"Bahrain",1993,"0"
"Bahrain",1994,"0"
"Bahrain",1995,"0"
"Bahrain",1996,"0"
"Bahrain",1997,"0"
"Bahrain",1998,"0"
"Bahrain",1999,"0"
"Bahrain",2000,"0"
"Bahrain",2001,"0"
"Bahrain",2002,"0"
"Bahrain",2003,"0"
"Bahrain",2004,"0"
"Bahrain",2005,"0"
"Bahrain",2006,"0"
"Bahrain",2007,"0"
"Bahrain",2008,"0"
"Bahrain",2009,"0"
"Bahrain",2010,"0"
"Bahrain",2011,"0"
"Bahrain",2012,"0"
"Bahrain",2013,"0"
"Bahrain",2014,"0"
"Bahrain",2015,"0"
"Bahrain",2016,"0"
"Bahrain",2017,"0"
"Bahrain",2018,"0"
"Bahrain",2019,"0"
"Bahrain",2020,"0"
"Bahrain",2021,"0"
"Bahrain",2022,"0"
"Bangladesh",1990,"73.857"
"Bangladesh",1991,"71.254"
"Bangladesh",1992,"77.710"
"Bangladesh",1993,"85.436"
"Bangladesh",1994,"90.691"
"Bangladesh",1995,"107.108"
"Bangladesh",1996,"112.202"
"Bangladesh",1997,"117.891"
"Bangladesh",1998,"125.559"
"Bangladesh",1999,"126.986"
"Bangladesh",2000,"136.121"
"Bangladesh",2001,"155.585"
"Bangladesh",2002,"156.022"
"Bangladesh",2003,"164.916"
"Bangladesh",2004,"175.078"
"Bangladesh",2005,"189.648"
"Bangladesh",2006,"205.210"
"Bangladesh",2007,"210.167"
"Bangladesh",2008,"222.290"
"Bangladesh",2009,"243.675"
"Bangladesh",2010,"250.175"
"Bangladesh",2011,"271.338"
"Bangladesh",2012,"294.770"
"Bangladesh",2013,"306.695"
"Bangladesh",2014,"318.265"
"Bangladesh",2015,"385.216"
"Bangladesh",2016,"385.984"
"Bangladesh",2017,"403.521"
"Bangladesh",2018,"430.482"
"Bangladesh",2019,"482.687"
"Bangladesh",2020,"457.059"
"Bangladesh",2021,"479.462"
"Bangladesh",2022,"498.491"
"Barbados",1990,"0"
"Barbados",1991,"0"
"Barbados",1992,"0"
"Barbados",1993,"0"
"Barbados",1994,"0"
"Barbados",1995,"0"
"Barbados",1996,"0"
"Barbados",1997,"0"
"Barbados",1998,"0"
"Barbados",1999,"0"
"Barbados",2000,"0"
"Barbados",2001,"0"
"Barbados",2002,"0"
"Barbados",2003,"0"
"Barbados",2004,"0"
"Barbados",2005,"0"
"Barbados",2006,"0"
"Barbados",2007,"0"
"Barbados",2008,"0"
"Barbados",2009,"0"
"Barbados",2010,"0"
"Barbados",2011,"0"
"Barbados",2012,"0"
"Barbados",2013,"0"
"Barbados",2014,"0"
"Barbados",2015,"0"
"Barbados",2016,"0"
"Barbados",2017,"0"
"Barbados",2018,"0"
"Barbados",2019,"0"
"Barbados",2020,"0"
"Barbados",2021,"0"
"Belarus",1990,"465.972"
"Belarus",1991,"464.906"
"Belarus",1992,"403.155"
"Belarus",1993,"337.112"
"Belarus",1994,"281.814"
"Belarus",1995,"250.706"
"Belarus",1996,"257.138"
"Belarus",1997,"260.100"
"Belarus",1998,"254.351"
"Belarus",1999,"247.416"
"Belarus",2000,"255.060"
"Belarus",2001,"247.961"
"Belarus",2002,"256.526"
"Belarus",2003,"254.587"
"Belarus",2004,"285.081"
"Belarus",2005,"284.151"
"Belarus",2006,"302.141"
"Belarus",2007,"294.729"
"Belarus",2008,"298.556"
"Belarus",2009,"282.372"
"Belarus",2010,"305.981"
"Belarus",2011,"300.431"
"Belarus",2012,"324.993"
"Belarus",2013,"294.560"
"Belarus",2014,"294.691"
"Belarus",2015,"266.730"
"Belarus",2016,"272.542"
"Belarus",2017,"277.530"
"Belarus",2018,"306.905"
"Belarus",2019,"308.475"
"Belarus",2020,"285.927"
"Belarus",2021,"304.809"
"Belarus",2022,"296.010"
"Belgium",1990,"620.454"
"Belgium",1991,"641.926"
"Belgium",1992,"640.656"
"Belgium",1993,"630.401"
"Belgium",1994,"663.126"
"Belgium",1995,"671.094"
"Belgium",1996,"712.881"
"Belgium",1997,"720.385"
"Belgium",1998,"734.241"
"Belgium",1999,"728.556"
"Belgium",2000,"741.535"
"Belgium",2001,"734.953"
"Belgium",2002,"731.172"
"Belgium",2003,"758.955"
"Belgium",2004,"761.309"
"Belgium",2005,"751.043"
"Belgium",2006,"751.139"
"Belgium",2007,"755.169"
"Belgium",2008,"765.106"
"Belgium",2009,"703.244"
"Belgium",2010,"750.462"
"Belgium",2011,"698.726"
"Belgium",2012,"668.142"
"Belgium",2013,"685.835"
"Belgium",2014,"636.745"
"Belgium",2015,"639.848"
"Belgium",2016,"692.339"
"Belgium",2017,"697.819"
"Belgium",2018,"696.920"
"Belgium",2019,"721.914"
"Belgium",2020,"647.214"
"Belgium",2021,"723.420"
"Belgium",2022,"666.414"
"Belize",1990,"0"
"Belize",1991,"0"
"Belize",1992,"0"
"Belize",1993,"0"
"Belize",1994,"0"
"Belize",1995,"0"
"Belize",1996,"0"
"Belize",1997,"0"
"Belize",1998,"0"
"Belize",1999,"0"
"Belize",2000,"0"
"Belize",2001,"0"
"Belize",2002,"0"
"Belize",2003,"0"
"Belize",2004,"0"
"Belize",2005,"0"
"Belize",2006,"0"
"Belize",2007,"0"
"Belize",2008,"0"
"Belize",2009,"0"
"Belize",2010,"0"
"Belize",2011,"0"
"Belize",2012,"0"
"Belize",2013,"0"
"Belize",2014,"0"
"Belize",2015,"0"
"Belize",2016,"0"
"Belize",2017,"0"
"Belize",2018,"0"
"Belize",2019,"0"
"Belize",2020,"0"
"Belize",2021,"0"
"Benin",1990,"0"
"Benin",1991,"0"
"Benin",1992,"0"
"Benin",1993,"0"
"Benin",1994,"0"
"Benin",1995,"0"
"Benin",1996,"0"
"Benin",1997,"0"
"Benin",1998,"0"
"Benin",1999,"0"
"Benin",2000,"0"
"Benin",2001,"0"
"Benin",2002,"0"
"Benin",2003,"0"
"Benin",2004,"0"
"Benin",2005,"0"
"Benin",2006,"0"
"Benin",2007,"0"
"Benin",2008,"0"
"Benin",2009,"0"
"Benin",2010,"0"
"Benin",2011,"0"
"Benin",2012,"0"
"Benin",2013,"0"
"Benin",2014,"0"
"Benin",2015,"0"
"Benin",2016,"0"
"Benin",2017,"0"
"Benin",2018,"0"
"Benin",2019,"0"
"Benin",2020,"0"
"Benin",2021,"0"
"Bermuda",1990,"0"
"Bermuda",1991,"0"
"Bermuda",1992,"0"
"Bermuda",1993,"0"
"Bermuda",1994,"0"
"Bermuda",1995,"0"
"Bermuda",1996,"0"
"Bermuda",1997,"0"
"Bermuda",1998,"0"
"Bermuda",1999,"0"
"Bermuda",2000,"0"
"Bermuda",2001,"0"
"Bermuda",2002,"0"
"Bermuda",2003,"0"
"Bermuda",2004,"0"
"Bermuda",2005,"0"
"Bermuda",2006,"0"
"Bermuda",2007,"0"
"Bermuda",2008,"0"
"Bermuda",2009,"0"
"Bermuda",2010,"0"
"Bermuda",2011,"0"
"Bermuda",2012,"0"
"Bermuda",2013,"0"
"Bermuda",2014,"0"
"Bermuda",2015,"0"
"Bermuda",2016,"0"
"Bermuda",2017,"0"
"Bermuda",2018,"0"
"Bermuda",2019,"0"
"Bermuda",2020,"0"
"Bermuda",2021,"0"
"Bhutan",1990,"0"
"Bhutan",1991,"0"
"Bhutan",1992,"0"
"Bhutan",1993,"0"
"Bhutan",1994,"0"
"Bhutan",1995,"0"
"Bhutan",1996,"0"
"Bhutan",1997,"0"
"Bhutan",1998,"0"
"Bhutan",1999,"0"
"Bhutan",2000,"0"
"Bhutan",2001,"0"
"Bhutan",2002,"0"
"Bhutan",2003,"0"
"Bhutan",2004,"0"
"Bhutan",2005,"0"
"Bhutan",2006,"0"
"Bhutan",2007,"0"
"Bhutan",2008,"0"
"Bhutan",2009,"0"
"Bhutan",2010,"0"
"Bhutan",2011,"0"
"Bhutan",2012,"0"
"Bhutan",2013,"0"
"Bhutan",2014,"0"
"Bhutan",2015,"0"
"Bhutan",2016,"0"
"Bhutan",2017,"0"
"Bhutan",2018,"0"
"Bhutan",2019,"0"
"Bhutan",2020,"0"
"Bhutan",2021,"0"
"Bolivia",1990,"0"
"Bolivia",1991,"0"
"Bolivia",1992,"0"
"Bolivia",1993,"0"
"Bolivia",1994,"0"
"Bolivia",1995,"0"
"Bolivia",1996,"0"
"Bolivia",1997,"0"
"Bolivia",1998,"0"
"Bolivia",1999,"0"
"Bolivia",2000,"0"
"Bolivia",2001,"0"
"Bolivia",2002,"0"
"Bolivia",2003,"0"
"Bolivia",2004,"0"
"Bolivia",2005,"0"
"Bolivia",2006,"0"
"Bolivia",2007,"0"
"Bolivia",2008,"0"
"Bolivia",2009,"0"
"Bolivia",2010,"0"
"Bolivia",2011,"0"
"Bolivia",2012,"0"
"Bolivia",2013,"0"
"Bolivia",2014,"0"
"Bolivia",2015,"0"
"Bolivia",2016,"0"
"Bolivia",2017,"0"
"Bolivia",2018,"0"
"Bolivia",2019,"0"
"Bolivia",2020,"0"
"Bolivia",2021,"0"
"Bolivia",2022,"0"
"Bosnia and Herzegovina",1992,"0"
"Bosnia and Herzegovina",1993,"0"
"Bosnia and Herzegovina",1994,"0"
"Bosnia and Herzegovina",1995,"0"
"Bosnia and Herzegovina",1996,"0"
"Bosnia and Herzegovina",1997,"0"
"Bosnia and Herzegovina",1998,"0"
"Bosnia and Herzegovina",1999,"0"
"Bosnia and Herzegovina",2000,"0"
"Bosnia and Herzegovina",2001,"0"
"Bosnia and Herzegovina",2002,"0"
"Bosnia and Herzegovina",2003,"0"
"Bosnia and Herzegovina",2004,"0"
"Bosnia and Herzegovina",2005,"0"
"Bosnia and Herzegovina",2006,"0"
"Bosnia and Herzegovina",2007,"0"
"Bosnia and Herzegovina",2008,"0"
"Bosnia and Herzegovina",2009,"0"
"Bosnia and Herzegovina",2010,"0"
"Bosnia and Herzegovina",2011,"0"
"Bosnia and Herzegovina",2012,"0"
"Bosnia and Herzegovina",2013,"0"
"Bosnia and Herzegovina",2014,"0"
"Bosnia and Herzegovina",2015,"0"
"Bosnia and Herzegovina",2016,"0"
"Bosnia and Herzegovina",2017,"0"
"Bosnia and Herzegovina",2018,"0"
"Bosnia and Herzegovina",2019,"0"
"Bosnia and Herzegovina",2020,"0"
"Bosnia and Herzegovina",2021,"0"
"Bosnia and Herzegovina",2022,"0"
"Botswana",1990,"0"
"Botswana",1991,"0"
"Botswana",1992,"0"
"Botswana",1993,"0"
"Botswana",1994,"0"
"Botswana",1995,"0"
"Botswana",1996,"0"
"Botswana",1997,"0"
"Botswana",1998,"0"
"Botswana",1999,"0"
"Botswana",2000,"0"
"Botswana",2001,"0"
"Botswana",2002,"0"
"Botswana",2003,"0"
"Botswana",2004,"0"
"Botswana",2005,"0"
"Botswana",2006,"0"
"Botswana",2007,"0"
"Botswana",2008,"0"
"Botswana",2009,"0"
"Botswana",2010,"0"
"Botswana",2011,"0"
"Botswana",2012,"0"
"Botswana",2013,"0"
"Botswana",2014,"0"
"Botswana",2015,"0"
"Botswana",2016,"0"
"Botswana",2017,"0"
"Botswana",2018,"0"
"Botswana",2019,"0"
"Botswana",2020,"0"
"Botswana",2021,"0"
"Brazil",1990,"1553.673"
"Brazil",1991,"1603.828"
"Brazil",1992,"1623.570"
"Brazil",1993,"1699.294"
"Brazil",1994,"1781.656"
"Brazil",1995,"1894.937"
"Brazil",1996,"2003.793"
"Brazil",1997,"2129.698"
"Brazil",1998,"2205.180"
"Brazil",1999,"2227.880"
"Brazil",2000,"2331.688"
"Brazil",2001,"2269.033"
"Brazil",2002,"2317.345"
"Brazil",2003,"2356.508"
"Brazil",2004,"2471.106"
"Brazil",2005,"2532.844"
"Brazil",2006,"2600.006"
"Brazil",2007,"2760.217"
"Brazil",2008,"2876.071"
"Brazil",2009,"2845.563"
"Brazil",2010,"3083.070"
"Brazil",2011,"3191.632"
"Brazil",2012,"3278.148"
"Brazil",2013,"3343.151"
"Brazil",2014,"3414.133"
"Brazil",2015,"3357.727"
"Brazil",2016,"3268.295"
"Brazil",2017,"3294.087"
"Brazil",2018,"3302.367"
"Brazil",2019,"3357.631"
"Brazil",2020,"3206.852"
"Brazil",2021,"3392.787"
"Brazil",2022,"3556.410"
"British Virgin Islands",1990,"0"
"British Virgin Islands",1991,"0"
"British Virgin Islands",1992,"0"
"British Virgin Islands",1993,"0"
"British Virgin Islands",1994,"0"
"British Virgin Islands",1995,"0"
"British Virgin Islands",1996,"0"
"British Virgin Islands",1997,"0"
"British Virgin Islands",1998,"0"
"British Virgin Islands",1999,"0"
"British Virgin Islands",2000,"0"
"British Virgin Islands",2001,"0"
"British Virgin Islands",2002,"0"
"British Virgin Islands",2003,"0"
"British Virgin Islands",2004,"0"
"British Virgin Islands",2005,"0"
"British Virgin Islands",2006,"0"
"British Virgin Islands",2007,"0"
"British Virgin Islands",2008,"0"
"British Virgin Islands",2009,"0"
"British Virgin Islands",2010,"0"
"British Virgin Islands",2011,"0"
"British Virgin Islands",2012,"0"
"British Virgin Islands",2013,"0"
"British Virgin Islands",2014,"0"
"British Virgin Islands",2015,"0"
"British Virgin Islands",2016,"0"
"British Virgin Islands",2017,"0"
"British Virgin Islands",2018,"0"
"British Virgin Islands",2019,"0"
"British Virgin Islands",2020,"0"
"British Virgin Islands",2021,"0"
"Brunei",1990,"0"
"Brunei",1991,"0"
"Brunei",1992,"0"
"Brunei",1993,"0"
"Brunei",1994,"0"
"Brunei",1995,"0"
"Brunei",1996,"0"
"Brunei",1997,"0"
"Brunei",1998,"0"
"Brunei",1999,"0"
"Brunei",2000,"0"
"Brunei",2001,"0"
"Brunei",2002,"0"
"Brunei",2003,"0"
"Brunei",2004,"0"
"Brunei",2005,"0"
"Brunei",2006,"0"
"Brunei",2007,"0"
"Brunei",2008,"0"
"Brunei",2009,"0"
"Brunei",2010,"0"
"Brunei",2011,"0"
"Brunei",2012,"0"
"Brunei",2013,"0"
"Brunei",2014,"0"
"Brunei",2015,"0"
"Brunei",2016,"0"
"Brunei",2017,"0"
"Brunei",2018,"0"
"Brunei",2019,"0"
"Brunei",2020,"0"
"Brunei",2021,"0"
"Brunei",2022,"0"
"Bulgaria",1990,"325.141"
"Bulgaria",1991,"263.110"
"Bulgaria",1992,"247.564"
"Bulgaria",1993,"264.060"
"Bulgaria",1994,"254.049"
"Bulgaria",1995,"273.072"
"Bulgaria",1996,"271.997"
"Bulgaria",1997,"257.208"
"Bulgaria",1998,"247.346"
"Bulgaria",1999,"217.318"
"Bulgaria",2000,"217.501"
"Bulgaria",2001,"224.820"
"Bulgaria",2002,"218.066"
"Bulgaria",2003,"225.450"
"Bulgaria",2004,"217.999"
"Bulgaria",2005,"236.200"
"Bulgaria",2006,"240.772"
"Bulgaria",2007,"232.766"
"Bulgaria",2008,"230.264"
"Bulgaria",2009,"202.189"
"Bulgaria",2010,"211.430"
"Bulgaria",2011,"224.553"
"Bulgaria",2012,"213.447"
"Bulgaria",2013,"197.751"
"Bulgaria",2014,"210.909"
"Bulgaria",2015,"223.818"
"Bulgaria",2016,"211.989"
"Bulgaria",2017,"216.911"
"Bulgaria",2018,"213.796"
"Bulgaria",2019,"205.736"
"Bulgaria",2020,"189.948"
"Bulgaria",2021,"213.576"
"Bulgaria",2022,"224.663"
"Burkina Faso",1990,"0"
"Burkina Faso",1991,"0"
"Burkina Faso",1992,"0"
"Burkina Faso",1993,"0"
"Burkina Faso",1994,"0"
"Burkina Faso",1995,"0"
"Burkina Faso",1996,"0"
"Burkina Faso",1997,"0"
"Burkina Faso",1998,"0"
"Burkina Faso",1999,"0"
"Burkina Faso",2000,"0"
"Burkina Faso",2001,"0"
"Burkina Faso",2002,"0"
"Burkina Faso",2003,"0"
"Burkina Faso",2004,"0"
"Burkina Faso",2005,"0"
"Burkina Faso",2006,"0"
"Burkina Faso",2007,"0"
"Burkina Faso",2008,"0"
"Burkina Faso",2009,"0"
"Burkina Faso",2010,"0"
"Burkina Faso",2011,"0"
"Burkina Faso",2012,"0"
"Burkina Faso",2013,"0"
"Burkina Faso",2014,"0"
"Burkina Faso",2015,"0"
"Burkina Faso",2016,"0"
"Burkina Faso",2017,"0"
"Burkina Faso",2018,"0"
"Burkina Faso",2019,"0"
"Burkina Faso",2020,"0"
"Burkina Faso",2021,"0"
"Burundi",1990,"0"
"Burundi",1991,"0"
"Burundi",1992,"0"
"Burundi",1993,"0"
"Burundi",1994,"0"
"Burundi",1995,"0"
"Burundi",1996,"0"
"Burundi",1997,"0"
"Burundi",1998,"0"
"Burundi",1999,"0"
"Burundi",2000,"0"
"Burundi",2001,"0"
"Burundi",2002,"0"
"Burundi",2003,"0"
"Burundi",2004,"0"
"Burundi",2005,"0"
"Burundi",2006,"0"
"Burundi",2007,"0"
"Burundi",2008,"0"
"Burundi",2009,"0"
"Burundi",2010,"0"
"Burundi",2011,"0"
"Burundi",2012,"0"
"Burundi",2013,"0"
"Burundi",2014,"0"
"Burundi",2015,"0"
"Burundi",2016,"0"
"Burundi",2017,"0"
"Burundi",2018,"0"
"Burundi",2019,"0"
"Burundi",2020,"0"
"Burundi",2021,"0"
"Burundi",2022,"0"
"Cambodia",1990,"0"
"Cambodia",1991,"0"
"Cambodia",1992,"0"
"Cambodia",1993,"0"
"Cambodia",1994,"0"
"Cambodia",1995,"0"
"Cambodia",1996,"0"
"Cambodia",1997,"0"
"Cambodia",1998,"0"
"Cambodia",1999,"0"
"Cambodia",2000,"0"
"Cambodia",2001,"0"
"Cambodia",2002,"0"
"Cambodia",2003,"0"
"Cambodia",2004,"0"
"Cambodia",2005,"0"
"Cambodia",2006,"0"
"Cambodia",2007,"0"
"Cambodia",2008,"0"
"Cambodia",2009,"0"
"Cambodia",2010,"0"
"Cambodia",2011,"0"
"Cambodia",2012,"0"
"Cambodia",2013,"0"
"Cambodia",2014,"0"
"Cambodia",2015,"0"
"Cambodia",2016,"0"
"Cambodia",2017,"0"
"Cambodia",2018,"0"
"Cambodia",2019,"0"
"Cambodia",2020,"0"
"Cambodia",2021,"0"
"Cameroon",1990,"0"
"Cameroon",1991,"0"
"Cameroon",1992,"0"
"Cameroon",1993,"0"
"Cameroon",1994,"0"
"Cameroon",1995,"0"
"Cameroon",1996,"0"
"Cameroon",1997,"0"
"Cameroon",1998,"0"
"Cameroon",1999,"0"
"Cameroon",2000,"0"
"Cameroon",2001,"0"
"Cameroon",2002,"0"
"Cameroon",2003,"0"
"Cameroon",2004,"0"
"Cameroon",2005,"0"
"Cameroon",2006,"0"
"Cameroon",2007,"0"
"Cameroon",2008,"0"
"Cameroon",2009,"0"
"Cameroon",2010,"0"
"Cameroon",2011,"0"
"Cameroon",2012,"0"
"Cameroon",2013,"0"
"Cameroon",2014,"0"
"Cameroon",2015,"0"
"Cameroon",2016,"0"
"Cameroon",2017,"0"
"Cameroon",2018,"0"
"Cameroon",2019,"0"
"Cameroon",2020,"0"
"Cameroon",2021,"0"
"Canada",1990,"2995.959"
"Canada",1991,"3008.111"
"Canada",1992,"3087.472"
"Canada",1993,"3164.629"
"Canada",1994,"3282.854"
"Canada",1995,"3359.101"
"Canada",1996,"3450.002"
"Canada",1997,"3465.170"
"Canada",1998,"3412.481"
"Canada",1999,"3522.361"
"Canada",2000,"3619.025"
"Canada",2001,"3541.223"
"Canada",2002,"3661.323"
"Canada",2003,"3680.958"
"Canada",2004,"3736.769"
"Canada",2005,"3764.029"
"Canada",2006,"3743.417"
"Canada",2007,"3887.143"
"Canada",2008,"3843.796"
"Canada",2009,"3689.152"
"Canada",2010,"3719.607"
"Canada",2011,"3861.377"
"Canada",2012,"3871.005"
"Canada",2013,"3963.825"
"Canada",2014,"3976.477"
"Canada",2015,"4001.980"
"Canada",2016,"3942.756"
"Canada",2017,"4004.028"
"Canada",2018,"4042.423"
"Canada",2019,"4018.813"
"Canada",2020,"3777.239"
"Canada",2021,"3812.211"
"Canada",2022,"3901.308"
"Cape Verde",1990,"0"
"Cape Verde",1991,"0"
"Cape Verde",1992,"0"
"Cape Verde",1993,"0"
"Cape Verde",1994,"0"
"Cape Verde",1995,"0"
"Cape Verde",1996,"0"
"Cape Verde",1997,"0"
"Cape Verde",1998,"0"
"Cape Verde",1999,"0"
"Cape Verde",2000,"0"
"Cape Verde",2001,"0"
"Cape Verde",2002,"0"
"Cape Verde",2003,"0"
"Cape Verde",2004,"0"
"Cape Verde",2005,"0"
"Cape Verde",2006,"0"
"Cape Verde",2007,"0"
"Cape Verde",2008,"0"
"Cape Verde",2009,"0"
"Cape Verde",2010,"0"
"Cape Verde",2011,"0"
"Cape Verde",2012,"0"
"Cape Verde",2013,"0"
"Cape Verde",2014,"0"
"Cape Verde",2015,"0"
"Cape Verde",2016,"0"
"Cape Verde",2017,"0"
"Cape Verde",2018,"0"
"Cape Verde",2019,"0"
"Cape Verde",2020,"0"
"Cape Verde",2021,"0"
"Cayman Islands",1990,"0"
"Cayman Islands",1991,"0"
"Cayman Islands",1992,"0"
"Cayman Islands",1993,"0"
"Cayman Islands",1994,"0"
"Cayman Islands",1995,"0"
"Cayman Islands",1996,"0"
"Cayman Islands",1997,"0"
"Cayman Islands",1998,"0"
"Cayman Islands",1999,"0"
"Cayman Islands",2000,"0"
"Cayman Islands",2001,"0"
"Cayman Islands",2002,"0"
"Cayman Islands",2003,"0"
"Cayman Islands",2004,"0"
"Cayman Islands",2005,"0"
"Cayman Islands",2006,"0"
"Cayman Islands",2007,"0"
"Cayman Islands",2008,"0"
"Cayman Islands",2009,"0"
"Cayman Islands",2010,"0"
"Cayman Islands",2011,"0"
"Cayman Islands",2012,"0"
"Cayman Islands",2013,"0"
"Cayman Islands",2014,"0"
"Cayman Islands",2015,"0"
"Cayman Islands",2016,"0"
"Cayman Islands",2017,"0"
"Cayman Islands",2018,"0"
"Cayman Islands",2019,"0"
"Cayman Islands",2020,"0"
"Cayman Islands",2021,"0"
"Central African Republic",1990,"0"
"Central African Republic",1991,"0"
"Central African Republic",1992,"0"
"Central African Republic",1993,"0"
"Central African Republic",1994,"0"
"Central African Republic",1995,"0"
"Central African Republic",1996,"0"
"Central African Republic",1997,"0"
"Central African Republic",1998,"0"
"Central African Republic",1999,"0"
"Central African Republic",2000,"0"
"Central African Republic",2001,"0"
"Central African Republic",2002,"0"
"Central African Republic",2003,"0"
"Central African Republic",2004,"0"
"Central African Republic",2005,"0"
"Central African Republic",2006,"0"
"Central African Republic",2007,"0"
"Central African Republic",2008,"0"
"Central African Republic",2009,"0"
"Central African Republic",2010,"0"
"Central African Republic",2011,"0"
"Central African Republic",2012,"0"
"Central African Republic",2013,"0"
"Central African Republic",2014,"0"
"Central African Republic",2015,"0"
"Central African Republic",2016,"0"
"Central African Republic",2017,"0"
"Central African Republic",2018,"0"
"Central African Republic",2019,"0"
"Central African Republic",2020,"0"
"Central African Republic",2021,"0"
"Chad",1990,"0"
"Chad",1991,"0"
"Chad",1992,"0"
"Chad",1993,"0"
"Chad",1994,"0"
"Chad",1995,"0"
"Chad",1996,"0"
"Chad",1997,"0"
"Chad",1998,"0"
"Chad",1999,"0"
"Chad",2000,"0"
"Chad",2001,"0"
"Chad",2002,"0"
"Chad",2003,"0"
"Chad",2004,"0"
"Chad",2005,"0"
"Chad",2006,"0"
"Chad",2007,"0"
"Chad",2008,"0"
"Chad",2009,"0"
"Chad",2010,"0"
"Chad",2011,"0"
"Chad",2012,"0"
"Chad",2013,"0"
"Chad",2014,"0"
"Chad",2015,"0"
"Chad",2016,"0"
"Chad",2017,"0"
"Chad",2018,"0"
"Chad",2019,"0"
"Chad",2020,"0"
"Chad",2021,"0"
"Chad",2022,"0"
"Chile",1990,"152.607"
"Chile",1991,"171.667"
"Chile",1992,"188.630"
"Chile",1993,"199.642"
"Chile",1994,"209.780"
"Chile",1995,"226.237"
"Chile",1996,"240.298"
"Chile",1997,"275.495"
"Chile",1998,"277.769"
"Chile",1999,"288.487"
"Chile",2000,"303.002"
"Chile",2001,"307.974"
"Chile",2002,"315.115"
"Chile",2003,"317.078"
"Chile",2004,"337.814"
"Chile",2005,"351.613"
"Chile",2006,"365.114"
"Chile",2007,"360.694"
"Chile",2008,"357.851"
"Chile",2009,"343.546"
"Chile",2010,"353.055"
"Chile",2011,"371.938"
"Chile",2012,"383.647"
"Chile",2013,"391.746"
"Chile",2014,"393.606"
"Chile",2015,"396.462"
"Chile",2016,"412.445"
"Chile",2017,"426.608"
"Chile",2018,"439.187"
"Chile",2019,"448.795"
"Chile",2020,"419.813"
"Chile",2021,"456.094"
"Chile",2022,"477.246"
"China",1990,"7938.065"
"China",1991,"8337.426"
"China",1992,"8773.385"
"China",1993,"9457.298"
"China",1994,"10047.382"
"China",1995,"10343.076"
"China",1996,"10902.594"
"China",1997,"10972.482"
"China",1998,"10992.688"
"China",1999,"11378.062"
"China",2000,"11792.223"
"China",2001,"12461.951"
"China",2002,"13572.405"
"China",2003,"15810.705"
"China",2004,"18501.112"
"China",2005,"21010.226"
"China",2006,"23025.656"
"China",2007,"25017.863"
"China",2008,"25971.618"
"China",2009,"27092.389"
"China",2010,"28976.198"
"China",2011,"31248.396"
"China",2012,"32528.104"
"China",2013,"33734.101"
"China",2014,"34581.885"
"China",2015,"34962.344"
"China",2016,"35080.010"
"China",2017,"36395.686"
"China",2018,"38116.823"
"China",2019,"39846.925"
"China",2020,"41080.951"
"China",2021,"43343.485"
"China",2022,"43712.168"
"Colombia",1990,"251.606"
"Colombia",1991,"258.311"
"Colombia",1992,"267.420"
"Colombia",1993,"290.945"
"Colombia",1994,"314.972"
"Colombia",1995,"322.201"
"Colombia",1996,"335.016"
"Colombia",1997,"340.628"
"Colombia",1998,"344.823"
"Colombia",1999,"321.415"
"Colombia",2000,"312.601"
"Colombia",2001,"315.281"
"Colombia",2002,"315.369"
"Colombia",2003,"321.284"
"Colombia",2004,"338.040"
"Colombia",2005,"332.695"
"Colombia",2006,"384.327"
"Colombia",2007,"390.652"
"Colombia",2008,"406.854"
"Colombia",2009,"400.579"
"Colombia",2010,"421.057"
"Colombia",2011,"439.397"
"Colombia",2012,"467.221"
"Colombia",2013,"480.742"
"Colombia",2014,"505.067"
"Colombia",2015,"477.584"
"Colombia",2016,"538.253"
"Colombia",2017,"543.345"
"Colombia",2018,"551.656"
"Colombia",2019,"555.390"
"Colombia",2020,"503.582"
"Colombia",2021,"564.773"
"Colombia",2022,"600.069"
"Comoros",1990,"0"
"Comoros",1991,"0"
"Comoros",1992,"0"
"Comoros",1993,"0"
"Comoros",1994,"0"
"Comoros",1995,"0"
"Comoros",1996,"0"
"Comoros",1997,"0"
"Comoros",1998,"0"
"Comoros",1999,"0"
"Comoros",2000,"0"
"Comoros",2001,"0"
"Comoros",2002,"0"
"Comoros",2003,"0"
"Comoros",2004,"0"
"Comoros",2005,"0"
"Comoros",2006,"0"
"Comoros",2007,"0"
"Comoros",2008,"0"
"Comoros",2009,"0"
"Comoros",2010,"0"
"Comoros",2011,"0"
"Comoros",2012,"0"
"Comoros",2013,"0"
"Comoros",2014,"0"
"Comoros",2015,"0"
"Comoros",2016,"0"
"Comoros",2017,"0"
"Comoros",2018,"0"
"Comoros",2019,"0"
"Comoros",2020,"0"
"Comoros",2021,"0"
"Congo",1990,"0"
"Congo",1991,"0"
"Congo",1992,"0"
"Congo",1993,"0"
"Congo",1994,"0"
"Congo",1995,"0"
"Congo",1996,"0"
"Congo",1997,"0"
"Congo",1998,"0"
"Congo",1999,"0"
"Congo",2000,"0"
"Congo",2001,"0"
"Congo",2002,"0"
"Congo",2003,"0"
"Congo",2004,"0"
"Congo",2005,"0"
"Congo",2006,"0"
"Congo",2007,"0"
"Congo",2008,"0"
"Congo",2009,"0"
"Congo",2010,"0"
"Congo",2011,"0"
"Congo",2012,"0"
"Congo",2013,"0"
"Congo",2014,"0"
"Congo",2015,"0"
"Congo",2016,"0"
"Congo",2017,"0"
"Congo",2018,"0"
"Congo",2019,"0"
"Congo",2020,"0"
"Congo",2021,"0"
"Congo",2022,"0"
"Cook Islands",1990,"0"
"Cook Islands",1991,"0"
"Cook Islands",1992,"0"
"Cook Islands",1993,"0"
"Cook Islands",1994,"0"
"Cook Islands",1995,"0"
"Cook Islands",1996,"0"
"Cook Islands",1997,"0"
"Cook Islands",1998,"0"
"Cook Islands",1999,"0"
"Cook Islands",2000,"0"
"Cook Islands",2001,"0"
"Cook Islands",2002,"0"
"Cook Islands",2003,"0"
"Cook Islands",2004,"0"
"Cook Islands",2005,"0"
"Cook Islands",2006,"0"
"Cook Islands",2007,"0"
"Cook Islands",2008,"0"
"Cook Islands",2009,"0"
"Cook Islands",2010,"0"
"Cook Islands",2011,"0"
"Cook Islands",2012,"0"
"Cook Islands",2013,"0"
"Cook Islands",2014,"0"
"Cook Islands",2015,"0"
"Cook Islands",2016,"0"
"Cook Islands",2017,"0"
"Cook Islands",2018,"0"
"Cook Islands",2019,"0"
"Cook Islands",2020,"0"
"Cook Islands",2021,"0"
"Costa Rica",1990,"0"
"Costa Rica",1991,"0"
"Costa Rica",1992,"0"
"Costa Rica",1993,"0"
"Costa Rica",1994,"0"
"Costa Rica",1995,"0"
"Costa Rica",1996,"0"
"Costa Rica",1997,"0"
"Costa Rica",1998,"0"
"Costa Rica",1999,"0"
"Costa Rica",2000,"0"
"Costa Rica",2001,"0"
"Costa Rica",2002,"0"
"Costa Rica",2003,"0"
"Costa Rica",2004,"0"
"Costa Rica",2005,"0"
"Costa Rica",2006,"0"
"Costa Rica",2007,"0"
"Costa Rica",2008,"0"
"Costa Rica",2009,"0"
"Costa Rica",2010,"0"
"Costa Rica",2011,"0"
"Costa Rica",2012,"0"
"Costa Rica",2013,"0"
"Costa Rica",2014,"0"
"Costa Rica",2015,"0"
"Costa Rica",2016,"0"
"Costa Rica",2017,"0"
"Costa Rica",2018,"0"
"Costa Rica",2019,"0"
"Costa Rica",2020,"0"
"Costa Rica",2021,"0"
"Costa Rica",2022,"0"
"Cote d'Ivoire",1990,"0"
"Cote d'Ivoire",1991,"0"
"Cote d'Ivoire",1992,"0"
"Cote d'Ivoire",1993,"0"
"Cote d'Ivoire",1994,"0"
"Cote d'Ivoire",1995,"0"
"Cote d'Ivoire",1996,"0"
"Cote d'Ivoire",1997,"0"
"Cote d'Ivoire",1998,"0"
"Cote d'Ivoire",1999,"0"
"Cote d'Ivoire",2000,"0"
"Cote d'Ivoire",2001,"0"
"Cote d'Ivoire",2002,"0"
"Cote d'Ivoire",2003,"0"
"Cote d'Ivoire",2004,"0"
"Cote d'Ivoire",2005,"0"
"Cote d'Ivoire",2006,"0"
"Cote d'Ivoire",2007,"0"
"Cote d'Ivoire",2008,"0"
"Cote d'Ivoire",2009,"0"
"Cote d'Ivoire",2010,"0"
"Cote d'Ivoire",2011,"0"
"Cote d'Ivoire",2012,"0"
"Cote d'Ivoire",2013,"0"
"Cote d'Ivoire",2014,"0"
"Cote d'Ivoire",2015,"0"
"Cote d'Ivoire",2016,"0"
"Cote d'Ivoire",2017,"0"
"Cote d'Ivoire",2018,"0"
"Cote d'Ivoire",2019,"0"
"Cote d'Ivoire",2020,"0"
"Cote d'Ivoire",2021,"0"
"Croatia",1990,"100.785"
"Croatia",1991,"83.757"
"Croatia",1992,"80.503"
"Croatia",1993,"83.946"
"Croatia",1994,"84.844"
"Croatia",1995,"87.820"
"Croatia",1996,"94.212"
"Croatia",1997,"93.355"
"Croatia",1998,"98.703"
"Croatia",1999,"102.085"
"Croatia",2000,"96.546"
"Croatia",2001,"101.515"
"Croatia",2002,"101.622"
"Croatia",2003,"106.320"
"Croatia",2004,"110.528"
"Croatia",2005,"109.241"
"Croatia",2006,"107.914"
"Croatia",2007,"108.433"
"Croatia",2008,"107.797"
"Croatia",2009,"106.425"
"Croatia",2010,"108.158"
"Croatia",2011,"94.275"
"Croatia",2012,"87.294"
"Croatia",2013,"95.673"
"Croatia",2014,"95.484"
"Croatia",2015,"90.172"
"Croatia",2016,"93.353"
"Croatia",2017,"93.106"
"Croatia",2018,"96.021"
"Croatia",2019,"92.777"
"Croatia",2020,"88.020"
"Croatia",2021,"94.576"
"Croatia",2022,"90.772"
"Cuba",1990,"0"
"Cuba",1991,"0"
"Cuba",1992,"0"
"Cuba",1993,"0"
"Cuba",1994,"0"
"Cuba",1995,"0"
"Cuba",1996,"0"
"Cuba",1997,"0"
"Cuba",1998,"0"
"Cuba",1999,"0"
"Cuba",2000,"0"
"Cuba",2001,"0"
"Cuba",2002,"0"
"Cuba",2003,"0"
"Cuba",2004,"0"
"Cuba",2005,"0"
"Cuba",2006,"0"
"Cuba",2007,"0"
"Cuba",2008,"0"
"Cuba",2009,"0"
"Cuba",2010,"0"
"Cuba",2011,"0"
"Cuba",2012,"0"
"Cuba",2013,"0"
"Cuba",2014,"0"
"Cuba",2015,"0"
"Cuba",2016,"0"
"Cuba",2017,"0"
"Cuba",2018,"0"
"Cuba",2019,"0"
"Cuba",2020,"0"
"Cuba",2021,"0"
"Cyprus",1990,"19.274"
"Cyprus",1991,"19.512"
"Cyprus",1992,"22.796"
"Cyprus",1993,"23.690"
"Cyprus",1994,"23.732"
"Cyprus",1995,"25.230"
"Cyprus",1996,"25.605"
"Cyprus",1997,"25.852"
"Cyprus",1998,"27.447"
"Cyprus",1999,"28.881"
"Cyprus",2000,"30.261"
"Cyprus",2001,"30.609"
"Cyprus",2002,"30.186"
"Cyprus",2003,"32.089"
"Cyprus",2004,"31.228"
"Cyprus",2005,"34.993"
"Cyprus",2006,"34.412"
"Cyprus",2007,"34.982"
"Cyprus",2008,"35.816"
"Cyprus",2009,"34.917"
"Cyprus",2010,"33.943"
"Cyprus",2011,"33.558"
"Cyprus",2012,"31.445"
"Cyprus",2013,"28.123"
"Cyprus",2014,"28.133"
"Cyprus",2015,"29.021"
"Cyprus",2016,"31.571"
"Cyprus",2017,"32.432"
"Cyprus",2018,"32.299"
"Cyprus",2019,"32.308"
"Cyprus",2020,"28.087"
"Cyprus",2021,"29.650"
"Cyprus",2022,"31.614"
"Czechia",1990,"546.744"
"Czechia",1991,"497.640"
"Czechia",1992,"482.981"
"Czechia",1993,"478.416"
"Czechia",1994,"465.490"
"Czechia",1995,"484.921"
"Czechia",1996,"501.990"
"Czechia",1997,"480.743"
"Czechia",1998,"466.396"
"Czechia",1999,"446.827"
"Czechia",2000,"472.829"
"Czechia",2001,"483.604"
"Czechia",2002,"485.149"
"Czechia",2003,"512.984"
"Czechia",2004,"525.548"
"Czechia",2005,"517.297"
"Czechia",2006,"526.523"
"Czechia",2007,"519.891"
"Czechia",2008,"508.993"
"Czechia",2009,"486.909"
"Czechia",2010,"506.745"
"Czechia",2011,"493.345"
"Czechia",2012,"488.676"
"Czechia",2013,"477.260"
"Czechia",2014,"465.051"
"Czechia",2015,"455.419"
"Czechia",2016,"449.159"
"Czechia",2017,"474.734"
"Czechia",2018,"473.617"
"Czechia",2019,"461.845"
"Czechia",2020,"425.925"
"Czechia",2021,"449.336"
"Czechia",2022,"446.908"
"Democratic Republic of Congo",1990,"0"
"Democratic Republic of Congo",1991,"0"
"Democratic Republic of Congo",1992,"0"
"Democratic Republic of Congo",1993,"0"
"Democratic Republic of Congo",1994,"0"
"Democratic Republic of Congo",1995,"0"
"Democratic Republic of Congo",1996,"0"
"Democratic Republic of Congo",1997,"0"
"Democratic Republic of Congo",1998,"0"
"Democratic Republic of Congo",1999,"0"
"Democratic Republic of Congo",2000,"0"
"Democratic Republic of Congo",2001,"0"
"Democratic Republic of Congo",2002,"0"
"Democratic Republic of Congo",2003,"0"
"Democratic Republic of Congo",2004,"0"
"Democratic Republic of Congo",2005,"0"
"Democratic Republic of Congo",2006,"0"
"Democratic Republic of Congo",2007,"0"
"Democratic Republic of Congo",2008,"0"
"Democratic Republic of Congo",2009,"0"
"Democratic Republic of Congo",2010,"0"
"Democratic Republic of Congo",2011,"0"
"Democratic Republic of Congo",2012,"0"
"Democratic Republic of Congo",2013,"0"
"Democratic Republic of Congo",2014,"0"
"Democratic Republic of Congo",2015,"0"
"Democratic Republic of Congo",2016,"0"
"Democratic Republic of Congo",2017,"0"
"Democratic Republic of Congo",2018,"0"
"Democratic Republic of Congo",2019,"0"
"Democratic Republic of Congo",2020,"0"
"Democratic Republic of Congo",2021,"0"
"Denmark",1990,"201.291"
"Denmark",1991,"231.720"
"Denmark",1992,"216.474"
"Denmark",1993,"228.979"
"Denmark",1994,"246.225"
"Denmark",1995,"241.555"
"Denmark",1996,"287.232"
"Denmark",1997,"259.883"
"Denmark",1998,"250.250"
"Denmark",1999,"241.840"
"Denmark",2000,"232.371"
"Denmark",2001,"232.392"
"Denmark",2002,"230.758"
"Denmark",2003,"247.272"
"Denmark",2004,"232.359"
"Denmark",2005,"217.466"
"Denmark",2006,"241.763"
"Denmark",2007,"228.722"
"Denmark",2008,"216.595"
"Denmark",2009,"203.977"
"Denmark",2010,"213.274"
"Denmark",2011,"200.188"
"Denmark",2012,"185.000"
"Denmark",2013,"194.016"
"Denmark",2014,"186.269"
"Denmark",2015,"181.413"
"Denmark",2016,"182.372"
"Denmark",2017,"178.886"
"Denmark",2018,"177.509"
"Denmark",2019,"173.100"
"Denmark",2020,"152.265"
"Denmark",2021,"160.383"
"Denmark",2022,"165.462"
"Djibouti",1990,"0"
"Djibouti",1991,"0"
"Djibouti",1992,"0"
"Djibouti",1993,"0"
"Djibouti",1994,"0"
"Djibouti",1995,"0"
"Djibouti",1996,"0"
"Djibouti",1997,"0"
"Djibouti",1998,"0"
"Djibouti",1999,"0"
"Djibouti",2000,"0"
"Djibouti",2001,"0"
"Djibouti",2002,"0"
"Djibouti",2003,"0"
"Djibouti",2004,"0"
"Djibouti",2005,"0"
"Djibouti",2006,"0"
"Djibouti",2007,"0"
"Djibouti",2008,"0"
"Djibouti",2009,"0"
"Djibouti",2010,"0"
"Djibouti",2011,"0"
"Djibouti",2012,"0"
"Djibouti",2013,"0"
"Djibouti",2014,"0"
"Djibouti",2015,"0"
"Djibouti",2016,"0"
"Djibouti",2017,"0"
"Djibouti",2018,"0"
"Djibouti",2019,"0"
"Djibouti",2020,"0"
"Djibouti",2021,"0"
"Dominica",1990,"0"
"Dominica",1991,"0"
"Dominica",1992,"0"
"Dominica",1993,"0"
"Dominica",1994,"0"
"Dominica",1995,"0"
"Dominica",1996,"0"
"Dominica",1997,"0"
"Dominica",1998,"0"
"Dominica",1999,"0"
"Dominica",2000,"0"
"Dominica",2001,"0"
"Dominica",2002,"0"
"Dominica",2003,"0"
"Dominica",2004,"0"
"Dominica",2005,"0"
"Dominica",2006,"0"
"Dominica",2007,"0"
"Dominica",2008,"0"
"Dominica",2009,"0"
"Dominica",2010,"0"
"Dominica",2011,"0"
"Dominica",2012,"0"
"Dominica",2013,"0"
"Dominica",2014,"0"
"Dominica",2015,"0"
"Dominica",2016,"0"
"Dominica",2017,"0"
"Dominica",2018,"0"
"Dominica",2019,"0"
"Dominica",2020,"0"
"Dominica",2021,"0"
"Dominican Republic",1990,"0"
"Dominican Republic",1991,"0"
"Dominican Republic",1992,"0"
"Dominican Republic",1993,"0"
"Dominican Republic",1994,"0"
"Dominican Republic",1995,"0"
"Dominican Republic",1996,"0"
"Dominican Republic",1997,"0"
"Dominican Republic",1998,"0"
"Dominican Republic",1999,"0"
"Dominican Republic",2000,"0"
"Dominican Republic",2001,"0"
"Dominican Republic",2002,"0"
"Dominican Republic",2003,"0"
"Dominican Republic",2004,"0"
"Dominican Republic",2005,"0"
"Dominican Republic",2006,"0"
"Dominican Republic",2007,"0"
"Dominican Republic",2008,"0"
"Dominican Republic",2009,"0"
"Dominican Republic",2010,"0"
"Dominican Republic",2011,"0"
"Dominican Republic",2012,"0"
"Dominican Republic",2013,"0"
"Dominican Republic",2014,"0"
"Dominican Republic",2015,"0"
"Dominican Republic",2016,"0"
"Dominican Republic",2017,"0"
"Dominican Republic",2018,"0"
"Dominican Republic",2019,"0"
"Dominican Republic",2020,"0"
"Dominican Republic",2021,"0"
"East Timor",2003,"0"
"East Timor",2004,"0"
"East Timor",2005,"0"
"East Timor",2006,"0"
"East Timor",2007,"0"
"East Timor",2008,"0"
"East Timor",2009,"0"
"East Timor",2010,"0"
"East Timor",2011,"0"
"East Timor",2012,"0"
"East Timor",2013,"0"
"East Timor",2014,"0"
"East Timor",2015,"0"
"East Timor",2016,"0"
"East Timor",2017,"0"
"East Timor",2018,"0"
"East Timor",2019,"0"
"East Timor",2020,"0"
"East Timor",2021,"0"
"Ecuador",1990,"80.983"
"Ecuador",1991,"89.438"
"Ecuador",1992,"88.980"
"Ecuador",1993,"92.232"
"Ecuador",1994,"100.322"
"Ecuador",1995,"94.818"
"Ecuador",1996,"107.913"
"Ecuador",1997,"120.220"
"Ecuador",1998,"120.844"
"Ecuador",1999,"110.232"
"Ecuador",2000,"104.128"
"Ecuador",2001,"105.483"
"Ecuador",2002,"104.109"
"Ecuador",2003,"106.608"
"Ecuador",2004,"114.046"
"Ecuador",2005,"120.397"
"Ecuador",2006,"127.220"
"Ecuador",2007,"133.554"
"Ecuador",2008,"142.621"
"Ecuador",2009,"139.114"
"Ecuador",2010,"154.443"
"Ecuador",2011,"163.756"
"Ecuador",2012,"172.989"
"Ecuador",2013,"178.565"
"Ecuador",2014,"187.289"
"Ecuador",2015,"186.744"
"Ecuador",2016,"185.841"
"Ecuador",2017,"193.192"
"Ecuador",2018,"204.526"
"Ecuador",2019,"209.456"
"Ecuador",2020,"180.974"
"Ecuador",2021,"210.886"
"Ecuador",2022,"217.472"
"Egypt",1990,"391.323"
"Egypt",1991,"396.434"
"Egypt",1992,"392.626"
"Egypt",1993,"392.912"
"Egypt",1994,"413.228"
"Egypt",1995,"437.821"
"Egypt",1996,"461.276"
"Egypt",1997,"480.500"
"Egypt",1998,"500.308"
"Egypt",1999,"536.888"
"Egypt",2000,"568.533"
"Egypt",2001,"593.314"
"Egypt",2002,"610.243"
"Egypt",2003,"645.991"
"Egypt",2004,"682.054"
"Egypt",2005,"699.417"
"Egypt",2006,"736.645"
"Egypt",2007,"784.579"
"Egypt",2008,"831.838"
"Egypt",2009,"861.672"
"Egypt",2010,"895.111"
"Egypt",2011,"938.079"
"Egypt",2012,"975.216"
"Egypt",2013,"968.144"
"Egypt",2014,"955.886"
"Egypt",2015,"971.720"
"Egypt",2016,"1025.582"
"Egypt",2017,"1065.903"
"Egypt",2018,"1067.152"
"Egypt",2019,"1047.688"
"Egypt",2020,"983.735"
"Egypt",2021,"1053.191"
"Egypt",2022,"1105.469"
"El Salvador",1990,"0"
"El Salvador",1991,"0"
"El Salvador",1992,"0"
"El Salvador",1993,"0"
"El Salvador",1994,"0"
"El Salvador",1995,"0"
"El Salvador",1996,"0"
"El Salvador",1997,"0"
"El Salvador",1998,"0"
"El Salvador",1999,"0"
"El Salvador",2000,"0"
"El Salvador",2001,"0"
"El Salvador",2002,"0"
"El Salvador",2003,"0"
"El Salvador",2004,"0"
"El Salvador",2005,"0"
"El Salvador",2006,"0"
"El Salvador",2007,"0"
"El Salvador",2008,"0"
"El Salvador",2009,"0"
"El Salvador",2010,"0"
"El Salvador",2011,"0"
"El Salvador",2012,"0"
"El Salvador",2013,"0"
"El Salvador",2014,"0"
"El Salvador",2015,"0"
"El Salvador",2016,"0"
"El Salvador",2017,"0"
"El Salvador",2018,"0"
"El Salvador",2019,"0"
"El Salvador",2020,"0"
"El Salvador",2021,"0"
"El Salvador",2022,"0"
"Equatorial Guinea",1990,"0"
"Equatorial Guinea",1991,"0"
"Equatorial Guinea",1992,"0"
"Equatorial Guinea",1993,"0"
"Equatorial Guinea",1994,"0"
"Equatorial Guinea",1995,"0"
"Equatorial Guinea",1996,"0"
"Equatorial Guinea",1997,"0"
"Equatorial Guinea",1998,"0"
"Equatorial Guinea",1999,"0"
"Equatorial Guinea",2000,"0"
"Equatorial Guinea",2001,"0"
"Equatorial Guinea",2002,"0"
"Equatorial Guinea",2003,"0"
"Equatorial Guinea",2004,"0"
"Equatorial Guinea",2005,"0"
"Equatorial Guinea",2006,"0"
"Equatorial Guinea",2007,"0"
"Equatorial Guinea",2008,"0"
"Equatorial Guinea",2009,"0"
"Equatorial Guinea",2010,"0"
"Equatorial Guinea",2011,"0"
"Equatorial Guinea",2012,"0"
"Equatorial Guinea",2013,"0"
"Equatorial Guinea",2014,"0"
"Equatorial Guinea",2015,"0"
"Equatorial Guinea",2016,"0"
"Equatorial Guinea",2017,"0"
"Equatorial Guinea",2018,"0"
"Equatorial Guinea",2019,"0"
"Equatorial Guinea",2020,"0"
"Equatorial Guinea",2021,"0"
"Equatorial Guinea",2022,"0"
"Eritrea",1994,"0"
"Eritrea",1995,"0"
"Eritrea",1996,"0"
"Eritrea",1997,"0"
"Eritrea",1998,"0"
"Eritrea",1999,"0"
"Eritrea",2000,"0"
"Eritrea",2001,"0"
"Eritrea",2002,"0"
"Eritrea",2003,"0"
"Eritrea",2004,"0"
"Eritrea",2005,"0"
"Eritrea",2006,"0"
"Eritrea",2007,"0"
"Eritrea",2008,"0"
"Eritrea",2009,"0"
"Eritrea",2010,"0"
"Eritrea",2011,"0"
"Eritrea",2012,"0"
"Eritrea",2013,"0"
"Eritrea",2014,"0"
"Eritrea",2015,"0"
"Eritrea",2016,"0"
"Eritrea",2017,"0"
"Eritrea",2018,"0"
"Eritrea",2019,"0"
"Eritrea",2020,"0"
"Eritrea",2021,"0"
"Estonia",1990,"127.570"
"Estonia",1991,"116.733"
"Estonia",1992,"81.388"
"Estonia",1993,"67.586"
"Estonia",1994,"68.539"
"Estonia",1995,"62.146"
"Estonia",1996,"65.996"
"Estonia",1997,"65.003"
"Estonia",1998,"58.292"
"Estonia",1999,"53.696"
"Estonia",2000,"55.311"
"Estonia",2001,"57.772"
"Estonia",2002,"57.519"
"Estonia",2003,"62.741"
"Estonia",2004,"64.004"
"Estonia",2005,"64.361"
"Estonia",2006,"63.560"
"Estonia",2007,"73.640"
"Estonia",2008,"67.733"
"Estonia",2009,"57.714"
"Estonia",2010,"70.780"
"Estonia",2011,"70.464"
"Estonia",2012,"70.287"
"Estonia",2013,"75.239"
"Estonia",2014,"71.617"
"Estonia",2015,"65.929"
"Estonia",2016,"67.732"
"Estonia",2017,"74.947"
"Estonia",2018,"73.623"
"Estonia",2019,"58.413"
"Estonia",2020,"52.876"
"Estonia",2021,"55.864"
"Estonia",2022,"56.065"
"Eswatini",1990,"0"
"Eswatini",1991,"0"
"Eswatini",1992,"0"
"Eswatini",1993,"0"
"Eswatini",1994,"0"
"Eswatini",1995,"0"
"Eswatini",1996,"0"
"Eswatini",1997,"0"
"Eswatini",1998,"0"
"Eswatini",1999,"0"
"Eswatini",2000,"0"
"Eswatini",2001,"0"
"Eswatini",2002,"0"
"Eswatini",2003,"0"
"Eswatini",2004,"0"
"Eswatini",2005,"0"
"Eswatini",2006,"0"
"Eswatini",2007,"0"
"Eswatini",2008,"0"
"Eswatini",2009,"0"
"Eswatini",2010,"0"
"Eswatini",2011,"0"
"Eswatini",2012,"0"
"Eswatini",2013,"0"
"Eswatini",2014,"0"
"Eswatini",2015,"0"
"Eswatini",2016,"0"
"Eswatini",2017,"0"
"Eswatini",2018,"0"
"Eswatini",2019,"0"
"Eswatini",2020,"0"
"Eswatini",2021,"0"
"Ethiopia",1990,"0"
"Ethiopia",1991,"0"
"Ethiopia",1992,"0"
"Ethiopia",1993,"0"
"Ethiopia",1994,"0"
"Ethiopia",1995,"0"
"Ethiopia",1996,"0"
"Ethiopia",1997,"0"
"Ethiopia",1998,"0"
"Ethiopia",1999,"0"
"Ethiopia",2000,"0"
"Ethiopia",2001,"0"
"Ethiopia",2002,"0"
"Ethiopia",2003,"0"
"Ethiopia",2004,"0"
"Ethiopia",2005,"0"
"Ethiopia",2006,"0"
"Ethiopia",2007,"0"
"Ethiopia",2008,"0"
"Ethiopia",2009,"0"
"Ethiopia",2010,"0"
"Ethiopia",2011,"0"
"Ethiopia",2012,"0"
"Ethiopia",2013,"0"
"Ethiopia",2014,"0"
"Ethiopia",2015,"0"
"Ethiopia",2016,"0"
"Ethiopia",2017,"0"
"Ethiopia",2018,"0"
"Ethiopia",2019,"0"
"Ethiopia",2020,"0"
"Ethiopia",2021,"0"
"Falkland Islands",1990,"0"
"Falkland Islands",1991,"0"
"Falkland Islands",1992,"0"
"Falkland Islands",1993,"0"
"Falkland Islands",1994,"0"
"Falkland Islands",1995,"0"
"Falkland Islands",1996,"0"
"Falkland Islands",1997,"0"
"Falkland Islands",1998,"0"
"Falkland Islands",1999,"0"
"Falkland Islands",2000,"0"
"Falkland Islands",2001,"0"
"Falkland Islands",2002,"0"
"Falkland Islands",2003,"0"
"Falkland Islands",2004,"0"
"Falkland Islands",2005,"0"
"Falkland Islands",2006,"0"
"Falkland Islands",2007,"0"
"Falkland Islands",2008,"0"
"Falkland Islands",2009,"0"
"Falkland Islands",2010,"0"
"Falkland Islands",2011,"0"
"Falkland Islands",2012,"0"
"Falkland Islands",2013,"0"
"Falkland Islands",2014,"0"
"Falkland Islands",2015,"0"
"Falkland Islands",2016,"0"
"Falkland Islands",2017,"0"
"Falkland Islands",2018,"0"
"Falkland Islands",2019,"0"
"Falkland Islands",2020,"0"
"Falkland Islands",2021,"0"
"Faroe Islands",1990,"0"
"Faroe Islands",1991,"0"
"Faroe Islands",1992,"0"
"Faroe Islands",1993,"0"
"Faroe Islands",1994,"0"
"Faroe Islands",1995,"0"
"Faroe Islands",1996,"0"
"Faroe Islands",1997,"0"
"Faroe Islands",1998,"0"
"Faroe Islands",1999,"0"
"Faroe Islands",2000,"0"
"Faroe Islands",2001,"0"
"Faroe Islands",2002,"0"
"Faroe Islands",2003,"0"
"Faroe Islands",2004,"0"
"Faroe Islands",2005,"0"
"Faroe Islands",2006,"0"
"Faroe Islands",2007,"0"
"Faroe Islands",2008,"0"
"Faroe Islands",2009,"0"
"Faroe Islands",2010,"0"
"Faroe Islands",2011,"0"
"Faroe Islands",2012,"0"
"Faroe Islands",2013,"0"
"Faroe Islands",2014,"0"
"Faroe Islands",2015,"0"
"Faroe Islands",2016,"0"
"Faroe Islands",2017,"0"
"Faroe Islands",2018,"0"
"Faroe Islands",2019,"0"
"Faroe Islands",2020,"0"
"Faroe Islands",2021,"0"
"Fiji",1990,"0"
"Fiji",1991,"0"
"Fiji",1992,"0"
"Fiji",1993,"0"
"Fiji",1994,"0"
"Fiji",1995,"0"
"Fiji",1996,"0"
"Fiji",1997,"0"
"Fiji",1998,"0"
"Fiji",1999,"0"
"Fiji",2000,"0"
"Fiji",2001,"0"
"Fiji",2002,"0"
"Fiji",2003,"0"
"Fiji",2004,"0"
"Fiji",2005,"0"
"Fiji",2006,"0"
"Fiji",2007,"0"
"Fiji",2008,"0"
"Fiji",2009,"0"
"Fiji",2010,"0"
"Fiji",2011,"0"
"Fiji",2012,"0"
"Fiji",2013,"0"
"Fiji",2014,"0"
"Fiji",2015,"0"
"Fiji",2016,"0"
"Fiji",2017,"0"
"Fiji",2018,"0"
"Fiji",2019,"0"
"Fiji",2020,"0"
"Fiji",2021,"0"
"Finland",1990,"306.789"
"Finland",1991,"314.801"
"Finland",1992,"313.875"
"Finland",1993,"313.492"
"Finland",1994,"328.417"
"Finland",1995,"311.634"
"Finland",1996,"328.680"
"Finland",1997,"327.190"
"Finland",1998,"334.452"
"Finland",1999,"330.453"
"Finland",2000,"331.532"
"Finland",2001,"340.488"
"Finland",2002,"340.073"
"Finland",2003,"364.987"
"Finland",2004,"359.928"
"Finland",2005,"327.183"
"Finland",2006,"348.991"
"Finland",2007,"350.415"
"Finland",2008,"335.282"
"Finland",2009,"313.408"
"Finland",2010,"336.258"
"Finland",2011,"314.028"
"Finland",2012,"304.706"
"Finland",2013,"303.461"
"Finland",2014,"292.287"
"Finland",2015,"292.441"
"Finland",2016,"297.301"
"Finland",2017,"289.351"
"Finland",2018,"292.630"
"Finland",2019,"284.551"
"Finland",2020,"276.237"
"Finland",2021,"276.442"
"Finland",2022,"282.052"
"France",1990,"2651.747"
"France",1991,"2818.451"
"France",1992,"2842.027"
"France",1993,"2843.068"
"France",1994,"2807.285"
"France",1995,"2873.540"
"France",1996,"2980.266"
"France",1997,"2938.869"
"France",1998,"3006.459"
"France",1999,"3059.100"
"France",2000,"3097.777"
"France",2001,"3134.778"
"France",2002,"3101.819"
"France",2003,"3133.298"
"France",2004,"3158.895"
"France",2005,"3140.041"
"France",2006,"3114.870"
"France",2007,"3058.893"
"France",2008,"3067.753"
"France",2009,"2895.359"
"France",2010,"2982.040"
"France",2011,"2864.696"
"France",2012,"2862.796"
"France",2013,"2888.966"
"France",2014,"2765.101"
"France",2015,"2779.934"
"France",2016,"2730.191"
"France",2017,"2707.621"
"France",2018,"2757.367"
"France",2019,"2697.565"
"France",2020,"2425.875"
"France",2021,"2581.424"
"France",2022,"2298.538"
"French Guiana",1990,"0"
"French Guiana",1991,"0"
"French Guiana",1992,"0"
"French Guiana",1993,"0"
"French Guiana",1994,"0"
"French Guiana",1995,"0"
"French Guiana",1996,"0"
"French Guiana",1997,"0"
"French Guiana",1998,"0"
"French Guiana",1999,"0"
"French Guiana",2000,"0"
"French Guiana",2001,"0"
"French Guiana",2002,"0"
"French Guiana",2003,"0"
"French Guiana",2004,"0"
"French Guiana",2005,"0"
"French Guiana",2006,"0"
"French Guiana",2007,"0"
"French Guiana",2008,"0"
"French Guiana",2009,"0"
"French Guiana",2010,"0"
"French Guiana",2011,"0"
"French Guiana",2012,"0"
"French Guiana",2013,"0"
"French Guiana",2014,"0"
"French Guiana",2015,"0"
"French Guiana",2016,"0"
"French Guiana",2017,"0"
"French Guiana",2018,"0"
"French Guiana",2019,"0"
"French Guiana",2020,"0"
"French Guiana",2021,"0"
"French Polynesia",1990,"0"
"French Polynesia",1991,"0"
"French Polynesia",1992,"0"
"French Polynesia",1993,"0"
"French Polynesia",1994,"0"
"French Polynesia",1995,"0"
"French Polynesia",1996,"0"
"French Polynesia",1997,"0"
"French Polynesia",1998,"0"
"French Polynesia",1999,"0"
"French Polynesia",2000,"0"
"French Polynesia",2001,"0"
"French Polynesia",2002,"0"
"French Polynesia",2003,"0"
"French Polynesia",2004,"0"
"French Polynesia",2005,"0"
"French Polynesia",2006,"0"
"French Polynesia",2007,"0"
"French Polynesia",2008,"0"
"French Polynesia",2009,"0"
"French Polynesia",2010,"0"
"French Polynesia",2011,"0"
"French Polynesia",2012,"0"
"French Polynesia",2013,"0"
"French Polynesia",2014,"0"
"French Polynesia",2015,"0"
"French Polynesia",2016,"0"
"French Polynesia",2017,"0"
"French Polynesia",2018,"0"
"French Polynesia",2019,"0"
"French Polynesia",2020,"0"
"French Polynesia",2021,"0"
"Gabon",1990,"0"
"Gabon",1991,"0"
"Gabon",1992,"0"
"Gabon",1993,"0"
"Gabon",1994,"0"
"Gabon",1995,"0"
"Gabon",1996,"0"
"Gabon",1997,"0"
"Gabon",1998,"0"
"Gabon",1999,"0"
"Gabon",2000,"0"
"Gabon",2001,"0"
"Gabon",2002,"0"
"Gabon",2003,"0"
"Gabon",2004,"0"
"Gabon",2005,"0"
"Gabon",2006,"0"
"Gabon",2007,"0"
"Gabon",2008,"0"
"Gabon",2009,"0"
"Gabon",2010,"0"
"Gabon",2011,"0"
"Gabon",2012,"0"
"Gabon",2013,"0"
"Gabon",2014,"0"
"Gabon",2015,"0"
"Gabon",2016,"0"
"Gabon",2017,"0"
"Gabon",2018,"0"
"Gabon",2019,"0"
"Gabon",2020,"0"
"Gabon",2021,"0"
"Gabon",2022,"0"
"Gambia",1990,"0"
"Gambia",1991,"0"
"Gambia",1992,"0"
"Gambia",1993,"0"
"Gambia",1994,"0"
"Gambia",1995,"0"
"Gambia",1996,"0"
"Gambia",1997,"0"
"Gambia",1998,"0"
"Gambia",1999,"0"
"Gambia",2000,"0"
"Gambia",2001,"0"
"Gambia",2002,"0"
"Gambia",2003,"0"
"Gambia",2004,"0"
"Gambia",2005,"0"
"Gambia",2006,"0"
"Gambia",2007,"0"
"Gambia",2008,"0"
"Gambia",2009,"0"
"Gambia",2010,"0"
"Gambia",2011,"0"
"Gambia",2012,"0"
"Gambia",2013,"0"
"Gambia",2014,"0"
"Gambia",2015,"0"
"Gambia",2016,"0"
"Gambia",2017,"0"
"Gambia",2018,"0"
"Gambia",2019,"0"
"Gambia",2020,"0"
"Gambia",2021,"0"
"Georgia",1992,"0"
"Georgia",1993,"0"
"Georgia",1994,"0"
"Georgia",1995,"0"
"Georgia",1996,"0"
"Georgia",1997,"0"
"Georgia",1998,"0"
"Georgia",1999,"0"
"Georgia",2000,"0"
"Georgia",2001,"0"
"Georgia",2002,"0"
"Georgia",2003,"0"
"Georgia",2004,"0"
"Georgia",2005,"0"
"Georgia",2006,"0"
"Georgia",2007,"0"
"Georgia",2008,"0"
"Georgia",2009,"0"
"Georgia",2010,"0"
"Georgia",2011,"0"
"Georgia",2012,"0"
"Georgia",2013,"0"
"Georgia",2014,"0"
"Georgia",2015,"0"
"Georgia",2016,"0"
"Georgia",2017,"0"
"Georgia",2018,"0"
"Georgia",2019,"0"
"Georgia",2020,"0"
"Georgia",2021,"0"
"Georgia",2022,"0"
"Germany",1990,"4188.060"
"Germany",1991,"4085.820"
"Germany",1992,"4004.350"
"Germany",1993,"3986.218"
"Germany",1994,"3948.088"
"Germany",1995,"3968.254"
"Germany",1996,"4099.006"
"Germany",1997,"4045.855"
"Germany",1998,"4010.954"
"Germany",1999,"3954.175"
"Germany",2000,"3977.326"
"Germany",2001,"4046.200"
"Germany",2002,"3991.293"
"Germany",2003,"3981.906"
"Germany",2004,"3975.943"
"Germany",2005,"3915.686"
"Germany",2006,"4001.941"
"Germany",2007,"3814.844"
"Germany",2008,"3845.186"
"Germany",2009,"3593.535"
"Germany",2010,"3738.783"
"Germany",2011,"3592.772"
"Germany",2012,"3623.935"
"Germany",2013,"3723.023"
"Germany",2014,"3556.063"
"Germany",2015,"3619.864"
"Germany",2016,"3679.861"
"Germany",2017,"3729.720"
"Germany",2018,"3632.530"
"Germany",2019,"3536.899"
"Germany",2020,"3284.800"
"Germany",2021,"3388.757"
"Germany",2022,"3255.486"
"Ghana",1990,"0"
"Ghana",1991,"0"
"Ghana",1992,"0"
"Ghana",1993,"0"
"Ghana",1994,"0"
"Ghana",1995,"0"
"Ghana",1996,"0"
"Ghana",1997,"0"
"Ghana",1998,"0"
"Ghana",1999,"0"
"Ghana",2000,"0"
"Ghana",2001,"0"
"Ghana",2002,"0"
"Ghana",2003,"0"
"Ghana",2004,"0"
"Ghana",2005,"0"
"Ghana",2006,"0"
"Ghana",2007,"0"
"Ghana",2008,"0"
"Ghana",2009,"0"
"Ghana",2010,"0"
"Ghana",2011,"0"
"Ghana",2012,"0"
"Ghana",2013,"0"
"Ghana",2014,"0"
"Ghana",2015,"0"
"Ghana",2016,"0"
"Ghana",2017,"0"
"Ghana",2018,"0"
"Ghana",2019,"0"
"Ghana",2020,"0"
"Ghana",2021,"0"
"Gibraltar",1990,"0"
"Gibraltar",1991,"0"
"Gibraltar",1992,"0"
"Gibraltar",1993,"0"
"Gibraltar",1994,"0"
"Gibraltar",1995,"0"
"Gibraltar",1996,"0"
"Gibraltar",1997,"0"
"Gibraltar",1998,"0"
"Gibraltar",1999,"0"
"Gibraltar",2000,"0"
"Gibraltar",2001,"0"
"Gibraltar",2002,"0"
"Gibraltar",2003,"0"
"Gibraltar",2004,"0"
"Gibraltar",2005,"0"
"Gibraltar",2006,"0"
"Gibraltar",2007,"0"
"Gibraltar",2008,"0"
"Gibraltar",2009,"0"
"Gibraltar",2010,"0"
"Gibraltar",2011,"0"
"Gibraltar",2012,"0"
"Gibraltar",2013,"0"
"Gibraltar",2014,"0"
"Gibraltar",2015,"0"
"Gibraltar",2016,"0"
"Gibraltar",2017,"0"
"Gibraltar",2018,"0"
"Gibraltar",2019,"0"
"Gibraltar",2020,"0"
"Gibraltar",2021,"0"
"Greece",1990,"287.313"
"Greece",1991,"291.482"
"Greece",1992,"296.615"
"Greece",1993,"300.528"
"Greece",1994,"305.639"
"Greece",1995,"316.791"
"Greece",1996,"324.800"
"Greece",1997,"334.044"
"Greece",1998,"354.772"
"Greece",1999,"354.702"
"Greece",2000,"373.053"
"Greece",2001,"375.774"
"Greece",2002,"375.969"
"Greece",2003,"397.980"
"Greece",2004,"397.836"
"Greece",2005,"399.217"
"Greece",2006,"410.941"
"Greece",2007,"418.764"
"Greece",2008,"410.975"
"Greece",2009,"395.704"
"Greece",2010,"377.832"
"Greece",2011,"370.624"
"Greece",2012,"348.650"
"Greece",2013,"327.613"
"Greece",2014,"307.210"
"Greece",2015,"310.985"
"Greece",2016,"306.095"
"Greece",2017,"321.187"
"Greece",2018,"323.049"
"Greece",2019,"315.581"
"Greece",2020,"275.481"
"Greece",2021,"300.919"
"Greece",2022,"314.192"
"Greenland",1990,"0"
"Greenland",1991,"0"
"Greenland",1992,"0"
"Greenland",1993,"0"
"Greenland",1994,"0"
"Greenland",1995,"0"
"Greenland",1996,"0"
"Greenland",1997,"0"
"Greenland",1998,"0"
"Greenland",1999,"0"
"Greenland",2000,"0"
"Greenland",2001,"0"
"Greenland",2002,"0"
"Greenland",2003,"0"
"Greenland",2004,"0"
"Greenland",2005,"0"
"Greenland",2006,"0"
"Greenland",2007,"0"
"Greenland",2008,"0"
"Greenland",2009,"0"
"Greenland",2010,"0"
"Greenland",2011,"0"
"Greenland",2012,"0"
"Greenland",2013,"0"
"Greenland",2014,"0"
"Greenland",2015,"0"
"Greenland",2016,"0"
"Greenland",2017,"0"
"Greenland",2018,"0"
"Greenland",2019,"0"
"Greenland",2020,"0"
"Greenland",2021,"0"
"Grenada",1990,"0"
"Grenada",1991,"0"
"Grenada",1992,"0"
"Grenada",1993,"0"
"Grenada",1994,"0"
"Grenada",1995,"0"
"Grenada",1996,"0"
"Grenada",1997,"0"
"Grenada",1998,"0"
"Grenada",1999,"0"
"Grenada",2000,"0"
"Grenada",2001,"0"
"Grenada",2002,"0"
"Grenada",2003,"0"
"Grenada",2004,"0"
"Grenada",2005,"0"
"Grenada",2006,"0"
"Grenada",2007,"0"
"Grenada",2008,"0"
"Grenada",2009,"0"
"Grenada",2010,"0"
"Grenada",2011,"0"
"Grenada",2012,"0"
"Grenada",2013,"0"
"Grenada",2014,"0"
"Grenada",2015,"0"
"Grenada",2016,"0"
"Grenada",2017,"0"
"Grenada",2018,"0"
"Grenada",2019,"0"
"Grenada",2020,"0"
"Grenada",2021,"0"
"Guadeloupe",1990,"0"
"Guadeloupe",1991,"0"
"Guadeloupe",1992,"0"
"Guadeloupe",1993,"0"
"Guadeloupe",1994,"0"
"Guadeloupe",1995,"0"
"Guadeloupe",1996,"0"
"Guadeloupe",1997,"0"
"Guadeloupe",1998,"0"
"Guadeloupe",1999,"0"
"Guadeloupe",2000,"0"
"Guadeloupe",2001,"0"
"Guadeloupe",2002,"0"
"Guadeloupe",2003,"0"
"Guadeloupe",2004,"0"
"Guadeloupe",2005,"0"
"Guadeloupe",2006,"0"
"Guadeloupe",2007,"0"
"Guadeloupe",2008,"0"
"Guadeloupe",2009,"0"
"Guadeloupe",2010,"0"
"Guadeloupe",2011,"0"
"Guadeloupe",2012,"0"
"Guadeloupe",2013,"0"
"Guadeloupe",2014,"0"
"Guadeloupe",2015,"0"
"Guadeloupe",2016,"0"
"Guadeloupe",2017,"0"
"Guadeloupe",2018,"0"
"Guadeloupe",2019,"0"
"Guadeloupe",2020,"0"
"Guadeloupe",2021,"0"
"Guam",1990,"0"
"Guam",1991,"0"
"Guam",1992,"0"
"Guam",1993,"0"
"Guam",1994,"0"
"Guam",1995,"0"
"Guam",1996,"0"
"Guam",1997,"0"
"Guam",1998,"0"
"Guam",1999,"0"
"Guam",2000,"0"
"Guam",2001,"0"
"Guam",2002,"0"
"Guam",2003,"0"
"Guam",2004,"0"
"Guam",2005,"0"
"Guam",2006,"0"
"Guam",2007,"0"
"Guam",2008,"0"
"Guam",2009,"0"
"Guam",2010,"0"
"Guam",2011,"0"
"Guam",2012,"0"
"Guam",2013,"0"
"Guam",2014,"0"
"Guam",2015,"0"
"Guam",2016,"0"
"Guam",2017,"0"
"Guam",2018,"0"
"Guam",2019,"0"
"Guam",2020,"0"
"Guam",2021,"0"
"Guatemala",1990,"0"
"Guatemala",1991,"0"
"Guatemala",1992,"0"
"Guatemala",1993,"0"
"Guatemala",1994,"0"
"Guatemala",1995,"0"
"Guatemala",1996,"0"
"Guatemala",1997,"0"
"Guatemala",1998,"0"
"Guatemala",1999,"0"
"Guatemala",2000,"0"
"Guatemala",2001,"0"
"Guatemala",2002,"0"
"Guatemala",2003,"0"
"Guatemala",2004,"0"
"Guatemala",2005,"0"
"Guatemala",2006,"0"
"Guatemala",2007,"0"
"Guatemala",2008,"0"
"Guatemala",2009,"0"
"Guatemala",2010,"0"
"Guatemala",2011,"0"
"Guatemala",2012,"0"
"Guatemala",2013,"0"
"Guatemala",2014,"0"
"Guatemala",2015,"0"
"Guatemala",2016,"0"
"Guatemala",2017,"0"
"Guatemala",2018,"0"
"Guatemala",2019,"0"
"Guatemala",2020,"0"
"Guatemala",2021,"0"
"Guinea",1990,"0"
"Guinea",1991,"0"
"Guinea",1992,"0"
"Guinea",1993,"0"
"Guinea",1994,"0"
"Guinea",1995,"0"
"Guinea",1996,"0"
"Guinea",1997,"0"
"Guinea",1998,"0"
"Guinea",1999,"0"
"Guinea",2000,"0"
"Guinea",2001,"0"
"Guinea",2002,"0"
"Guinea",2003,"0"
"Guinea",2004,"0"
"Guinea",2005,"0"
"Guinea",2006,"0"
"Guinea",2007,"0"
"Guinea",2008,"0"
"Guinea",2009,"0"
"Guinea",2010,"0"
"Guinea",2011,"0"
"Guinea",2012,"0"
"Guinea",2013,"0"
"Guinea",2014,"0"
"Guinea",2015,"0"
"Guinea",2016,"0"
"Guinea",2017,"0"
"Guinea",2018,"0"
"Guinea",2019,"0"
"Guinea",2020,"0"
"Guinea",2021,"0"
"Guinea-Bissau",1990,"0"
"Guinea-Bissau",1991,"0"
"Guinea-Bissau",1992,"0"
"Guinea-Bissau",1993,"0"
"Guinea-Bissau",1994,"0"
"Guinea-Bissau",1995,"0"
"Guinea-Bissau",1996,"0"
"Guinea-Bissau",1997,"0"
"Guinea-Bissau",1998,"0"
"Guinea-Bissau",1999,"0"
"Guinea-Bissau",2000,"0"
"Guinea-Bissau",2001,"0"
"Guinea-Bissau",2002,"0"
"Guinea-Bissau",2003,"0"
"Guinea-Bissau",2004,"0"
"Guinea-Bissau",2005,"0"
"Guinea-Bissau",2006,"0"
"Guinea-Bissau",2007,"0"
"Guinea-Bissau",2008,"0"
"Guinea-Bissau",2009,"0"
"Guinea-Bissau",2010,"0"
"Guinea-Bissau",2011,"0"
"Guinea-Bissau",2012,"0"
"Guinea-Bissau",2013,"0"
"Guinea-Bissau",2014,"0"
"Guinea-Bissau",2015,"0"
"Guinea-Bissau",2016,"0"
"Guinea-Bissau",2017,"0"
"Guinea-Bissau",2018,"0"
"Guinea-Bissau",2019,"0"
"Guinea-Bissau",2020,"0"
"Guinea-Bissau",2021,"0"
"Guyana",1990,"0"
"Guyana",1991,"0"
"Guyana",1992,"0"
"Guyana",1993,"0"
"Guyana",1994,"0"
"Guyana",1995,"0"
"Guyana",1996,"0"
"Guyana",1997,"0"
"Guyana",1998,"0"
"Guyana",1999,"0"
"Guyana",2000,"0"
"Guyana",2001,"0"
"Guyana",2002,"0"
"Guyana",2003,"0"
"Guyana",2004,"0"
"Guyana",2005,"0"
"Guyana",2006,"0"
"Guyana",2007,"0"
"Guyana",2008,"0"
"Guyana",2009,"0"
"Guyana",2010,"0"
"Guyana",2011,"0"
"Guyana",2012,"0"
"Guyana",2013,"0"
"Guyana",2014,"0"
"Guyana",2015,"0"
"Guyana",2016,"0"
"Guyana",2017,"0"
"Guyana",2018,"0"
"Guyana",2019,"0"
"Guyana",2020,"0"
"Guyana",2021,"0"
"Haiti",1990,"0"
"Haiti",1991,"0"
"Haiti",1992,"0"
"Haiti",1993,"0"
"Haiti",1994,"0"
"Haiti",1995,"0"
"Haiti",1996,"0"
"Haiti",1997,"0"
"Haiti",1998,"0"
"Haiti",1999,"0"
"Haiti",2000,"0"
"Haiti",2001,"0"
"Haiti",2002,"0"
"Haiti",2003,"0"
"Haiti",2004,"0"
"Haiti",2005,"0"
"Haiti",2006,"0"
"Haiti",2007,"0"
"Haiti",2008,"0"
"Haiti",2009,"0"
"Haiti",2010,"0"
"Haiti",2011,"0"
"Haiti",2012,"0"
"Haiti",2013,"0"
"Haiti",2014,"0"
"Haiti",2015,"0"
"Haiti",2016,"0"
"Haiti",2017,"0"
"Haiti",2018,"0"
"Haiti",2019,"0"
"Haiti",2020,"0"
"Haiti",2021,"0"
"Honduras",1990,"0"
"Honduras",1991,"0"
"Honduras",1992,"0"
"Honduras",1993,"0"
"Honduras",1994,"0"
"Honduras",1995,"0"
"Honduras",1996,"0"
"Honduras",1997,"0"
"Honduras",1998,"0"
"Honduras",1999,"0"
"Honduras",2000,"0"
"Honduras",2001,"0"
"Honduras",2002,"0"
"Honduras",2003,"0"
"Honduras",2004,"0"
"Honduras",2005,"0"
"Honduras",2006,"0"
"Honduras",2007,"0"
"Honduras",2008,"0"
"Honduras",2009,"0"
"Honduras",2010,"0"
"Honduras",2011,"0"
"Honduras",2012,"0"
"Honduras",2013,"0"
"Honduras",2014,"0"
"Honduras",2015,"0"
"Honduras",2016,"0"
"Honduras",2017,"0"
"Honduras",2018,"0"
"Honduras",2019,"0"
"Honduras",2020,"0"
"Honduras",2021,"0"
"Hong Kong",1990,"139.358"
"Hong Kong",1991,"144.389"
"Hong Kong",1992,"169.929"
"Hong Kong",1993,"185.502"
"Hong Kong",1994,"168.093"
"Hong Kong",1995,"180.680"
"Hong Kong",1996,"180.592"
"Hong Kong",1997,"182.693"
"Hong Kong",1998,"186.234"
"Hong Kong",1999,"188.623"
"Hong Kong",2000,"197.476"
"Hong Kong",2001,"249.420"
"Hong Kong",2002,"243.433"
"Hong Kong",2003,"251.406"
"Hong Kong",2004,"281.527"
"Hong Kong",2005,"270.090"
"Hong Kong",2006,"285.752"
"Hong Kong",2007,"304.014"
"Hong Kong",2008,"282.853"
"Hong Kong",2009,"308.859"
"Hong Kong",2010,"321.052"
"Hong Kong",2011,"329.193"
"Hong Kong",2012,"316.358"
"Hong Kong",2013,"324.939"
"Hong Kong",2014,"317.097"
"Hong Kong",2015,"326.312"
"Hong Kong",2016,"334.906"
"Hong Kong",2017,"359.287"
"Hong Kong",2018,"363.463"
"Hong Kong",2019,"344.517"
"Hong Kong",2020,"257.886"
"Hong Kong",2021,"243.034"
"Hong Kong",2022,"218.033"
"Hungary",1990,"323.201"
"Hungary",1991,"301.824"
"Hungary",1992,"289.505"
"Hungary",1993,"278.717"
"Hungary",1994,"283.441"
"Hungary",1995,"286.622"
"Hungary",1996,"292.090"
"Hungary",1997,"285.028"
"Hungary",1998,"289.285"
"Hungary",1999,"289.131"
"Hungary",2000,"280.594"
"Hungary",2001,"287.421"
"Hungary",2002,"280.778"
"Hungary",2003,"283.874"
"Hungary",2004,"286.613"
"Hungary",2005,"302.786"
"Hungary",2006,"298.025"
"Hungary",2007,"293.096"
"Hungary",2008,"287.710"
"Hungary",2009,"265.234"
"Hungary",2010,"270.495"
"Hungary",2011,"263.529"
"Hungary",2012,"245.834"
"Hungary",2013,"232.194"
"Hungary",2014,"231.483"
"Hungary",2015,"244.142"
"Hungary",2016,"248.883"
"Hungary",2017,"262.419"
"Hungary",2018,"263.842"
"Hungary",2019,"267.738"
"Hungary",2020,"263.407"
"Hungary",2021,"276.836"
"Hungary",2022,"259.149"
"Iceland",1990,"20.885"
"Iceland",1991,"20.430"
"Iceland",1992,"21.282"
"Iceland",1993,"22.063"
"Iceland",1994,"22.307"
"Iceland",1995,"22.964"
"Iceland",1996,"24.194"
"Iceland",1997,"25.344"
"Iceland",1998,"26.718"
"Iceland",1999,"28.078"
"Iceland",2000,"29.477"
"Iceland",2001,"29.510"
"Iceland",2002,"30.904"
"Iceland",2003,"31.178"
"Iceland",2004,"31.681"
"Iceland",2005,"31.345"
"Iceland",2006,"32.193"
"Iceland",2007,"35.304"
"Iceland",2008,"45.562"
"Iceland",2009,"44.154"
"Iceland",2010,"44.492"
"Iceland",2011,"43.931"
"Iceland",2012,"43.191"
"Iceland",2013,"45.000"
"Iceland",2014,"45.011"
"Iceland",2015,"48.278"
"Iceland",2016,"48.425"
"Iceland",2017,"51.043"
"Iceland",2018,"51.200"
"Iceland",2019,"48.105"
"Iceland",2020,"42.090"
"Iceland",2021,"43.548"
"Iceland",2022,"47.033"
"India",1990,"2300.581"
"India",1991,"2427.360"
"India",1992,"2552.392"
"India",1993,"2615.443"
"India",1994,"2755.907"
"India",1995,"2961.318"
"India",1996,"3079.217"
"India",1997,"3248.877"
"India",1998,"3445.371"
"India",1999,"3544.108"
"India",2000,"3723.132"
"India",2001,"3737.246"
"India",2002,"3858.920"
"India",2003,"3995.419"
"India",2004,"4337.002"
"India",2005,"4590.729"
"India",2006,"4831.884"
"India",2007,"5239.480"
"India",2008,"5541.004"
"India",2009,"5949.348"
"India",2010,"6199.338"
"India",2011,"6531.428"
"India",2012,"6878.926"
"India",2013,"7101.192"
"India",2014,"7578.144"
"India",2015,"7824.690"
"India",2016,"8199.241"
"India",2017,"8514.695"
"India",2018,"8994.604"
"India",2019,"9210.249"
"India",2020,"8716.230"
"India",2021,"9467.629"
"India",2022,"9993.378"
"Indonesia",1990,"596.979"
"Indonesia",1991,"649.954"
"Indonesia",1992,"713.779"
"Indonesia",1993,"760.744"
"Indonesia",1994,"795.094"
"Indonesia",1995,"864.004"
"Indonesia",1996,"926.498"
"Indonesia",1997,"1004.953"
"Indonesia",1998,"986.243"
"Indonesia",1999,"1075.803"
"Indonesia",2000,"1149.750"
"Indonesia",2001,"1229.307"
"Indonesia",2002,"1262.565"
"Indonesia",2003,"1371.120"
"Indonesia",2004,"1357.006"
"Indonesia",2005,"1397.307"
"Indonesia",2006,"1421.531"
"Indonesia",2007,"1526.079"
"Indonesia",2008,"1540.536"
"Indonesia",2009,"1580.606"
"Indonesia",2010,"1712.765"
"Indonesia",2011,"1810.465"
"Indonesia",2012,"1869.681"
"Indonesia",2013,"1804.822"
"Indonesia",2014,"1827.156"
"Indonesia",2015,"1855.328"
"Indonesia",2016,"1859.234"
"Indonesia",2017,"1919.780"
"Indonesia",2018,"2068.448"
"Indonesia",2019,"2210.024"
"Indonesia",2020,"2033.918"
"Indonesia",2021,"2067.216"
"Indonesia",2022,"2607.367"
"Iran",1990,"811.283"
"Iran",1991,"880.228"
"Iran",1992,"973.424"
"Iran",1993,"900.749"
"Iran",1994,"1008.745"
"Iran",1995,"1057.944"
"Iran",1996,"1150.883"
"Iran",1997,"1186.133"
"Iran",1998,"1235.506"
"Iran",1999,"1331.568"
"Iran",2000,"1396.568"
"Iran",2001,"1492.142"
"Iran",2002,"1626.368"
"Iran",2003,"1656.193"
"Iran",2004,"1831.957"
"Iran",2005,"1940.300"
"Iran",2006,"2120.271"
"Iran",2007,"2253.990"
"Iran",2008,"2323.367"
"Iran",2009,"2379.284"
"Iran",2010,"2421.562"
"Iran",2011,"2529.443"
"Iran",2012,"2557.952"
"Iran",2013,"2647.857"
"Iran",2014,"2756.522"
"Iran",2015,"2745.469"
"Iran",2016,"2878.725"
"Iran",2017,"2986.012"
"Iran",2018,"3087.369"
"Iran",2019,"3257.904"
"Iran",2020,"3378.570"
"Iran",2021,"3360.863"
"Iran",2022,"3376.635"
"Iraq",1990,"237.724"
"Iraq",1991,"150.031"
"Iraq",1992,"238.086"
"Iraq",1993,"316.349"
"Iraq",1994,"358.080"
"Iraq",1995,"356.731"
"Iraq",1996,"357.132"
"Iraq",1997,"423.333"
"Iraq",1998,"317.774"
"Iraq",1999,"229.281"
"Iraq",2000,"322.662"
"Iraq",2001,"360.445"
"Iraq",2002,"342.596"
"Iraq",2003,"304.073"
"Iraq",2004,"326.044"
"Iraq",2005,"308.322"
"Iraq",2006,"299.682"
"Iraq",2007,"302.180"
"Iraq",2008,"345.913"
"Iraq",2009,"339.513"
"Iraq",2010,"380.425"
"Iraq",2011,"391.370"
"Iraq",2012,"427.023"
"Iraq",2013,"474.099"
"Iraq",2014,"471.448"
"Iraq",2015,"470.379"
"Iraq",2016,"532.021"
"Iraq",2017,"597.891"
"Iraq",2018,"604.674"
"Iraq",2019,"641.341"
"Iraq",2020,"553.082"
"Iraq",2021,"577.572"
"Iraq",2022,"640.391"
"Ireland",1990,"117.887"
"Ireland",1991,"122.461"
"Ireland",1992,"123.019"
"Ireland",1993,"125.625"
"Ireland",1994,"130.936"
"Ireland",1995,"133.621"
"Ireland",1996,"140.950"
"Ireland",1997,"145.473"
"Ireland",1998,"156.535"
"Ireland",1999,"165.247"
"Ireland",2000,"173.046"
"Ireland",2001,"182.857"
"Ireland",2002,"181.095"
"Ireland",2003,"176.580"
"Ireland",2004,"180.013"
"Ireland",2005,"187.759"
"Ireland",2006,"193.884"
"Ireland",2007,"196.783"
"Ireland",2008,"195.712"
"Ireland",2009,"175.809"
"Ireland",2010,"177.295"
"Ireland",2011,"169.189"
"Ireland",2012,"166.065"
"Ireland",2013,"163.463"
"Ireland",2014,"162.842"
"Ireland",2015,"172.392"
"Ireland",2016,"179.473"
"Ireland",2017,"180.061"
"Ireland",2018,"183.775"
"Ireland",2019,"184.646"
"Ireland",2020,"173.281"
"Ireland",2021,"176.297"
"Ireland",2022,"186.377"
"Israel",1990,"129.138"
"Israel",1991,"131.280"
"Israel",1992,"153.198"
"Israel",1993,"166.368"
"Israel",1994,"173.570"
"Israel",1995,"195.210"
"Israel",1996,"202.298"
"Israel",1997,"221.214"
"Israel",1998,"232.795"
"Israel",1999,"241.273"
"Israel",2000,"227.373"
"Israel",2001,"227.213"
"Israel",2002,"231.782"
"Israel",2003,"238.837"
"Israel",2004,"243.590"
"Israel",2005,"244.787"
"Israel",2006,"246.153"
"Israel",2007,"255.315"
"Israel",2008,"262.723"
"Israel",2009,"255.174"
"Israel",2010,"265.313"
"Israel",2011,"270.246"
"Israel",2012,"282.697"
"Israel",2013,"267.627"
"Israel",2014,"261.086"
"Israel",2015,"275.455"
"Israel",2016,"280.899"
"Israel",2017,"286.596"
"Israel",2018,"291.308"
"Israel",2019,"301.630"
"Israel",2020,"285.056"
"Israel",2021,"289.655"
"Israel",2022,"303.693"
"Italy",1990,"1845.587"
"Italy",1991,"1903.752"
"Italy",1992,"1895.205"
"Italy",1993,"1854.278"
"Italy",1994,"1850.672"
"Italy",1995,"1925.952"
"Italy",1996,"1923.921"
"Italy",1997,"1956.400"
"Italy",1998,"2000.086"
"Italy",1999,"2055.292"
"Italy",2000,"2081.485"
"Italy",2001,"2078.987"
"Italy",2002,"2061.643"
"Italy",2003,"2124.154"
"Italy",2004,"2169.014"
"Italy",2005,"2170.702"
"Italy",2006,"2158.671"
"Italy",2007,"2116.403"
"Italy",2008,"2077.976"
"Italy",2009,"1933.268"
"Italy",2010,"1992.280"
"Italy",2011,"1948.366"
"Italy",2012,"1889.305"
"Italy",2013,"1789.244"
"Italy",2014,"1687.141"
"Italy",2015,"1736.867"
"Italy",2016,"1743.500"
"Italy",2017,"1765.424"
"Italy",2018,"1777.001"
"Italy",2019,"1741.740"
"Italy",2020,"1574.101"
"Italy",2021,"1693.854"
"Italy",2022,"1634.732"
"Jamaica",1990,"0"
"Jamaica",1991,"0"
"Jamaica",1992,"0"
"Jamaica",1993,"0"
"Jamaica",1994,"0"
"Jamaica",1995,"0"
"Jamaica",1996,"0"
"Jamaica",1997,"0"
"Jamaica",1998,"0"
"Jamaica",1999,"0"
"Jamaica",2000,"0"
"Jamaica",2001,"0"
"Jamaica",2002,"0"
"Jamaica",2003,"0"
"Jamaica",2004,"0"
"Jamaica",2005,"0"
"Jamaica",2006,"0"
"Jamaica",2007,"0"
"Jamaica",2008,"0"
"Jamaica",2009,"0"
"Jamaica",2010,"0"
"Jamaica",2011,"0"
"Jamaica",2012,"0"
"Jamaica",2013,"0"
"Jamaica",2014,"0"
"Jamaica",2015,"0"
"Jamaica",2016,"0"
"Jamaica",2017,"0"
"Jamaica",2018,"0"
"Jamaica",2019,"0"
"Jamaica",2020,"0"
"Jamaica",2021,"0"
"Japan",1990,"5183.062"
"Japan",1991,"5299.682"
"Japan",1992,"5354.745"
"Japan",1993,"5436.881"
"Japan",1994,"5636.057"
"Japan",1995,"5923.644"
"Japan",1996,"6036.091"
"Japan",1997,"6149.434"
"Japan",1998,"6026.428"
"Japan",1999,"6124.890"
"Japan",2000,"6192.232"
"Japan",2001,"6133.488"
"Japan",2002,"6139.722"
"Japan",2003,"6114.572"
"Japan",2004,"6185.319"
"Japan",2005,"6195.244"
"Japan",2006,"6181.405"
"Japan",2007,"6112.405"
"Japan",2008,"6006.630"
"Japan",2009,"5478.214"
"Japan",2010,"5839.328"
"Japan",2011,"5529.633"
"Japan",2012,"5483.386"
"Japan",2013,"5439.580"
"Japan",2014,"5298.746"
"Japan",2015,"5207.201"
"Japan",2016,"5154.507"
"Japan",2017,"5206.279"
"Japan",2018,"5169.369"
"Japan",2019,"5039.644"
"Japan",2020,"4653.273"
"Japan",2021,"4871.151"
"Japan",2022,"4825.223"
"Jordan",1990,"0"
"Jordan",1991,"0"
"Jordan",1992,"0"
"Jordan",1993,"0"
"Jordan",1994,"0"
"Jordan",1995,"0"
"Jordan",1996,"0"
"Jordan",1997,"0"
"Jordan",1998,"0"
"Jordan",1999,"0"
"Jordan",2000,"0"
"Jordan",2001,"0"
"Jordan",2002,"0"
"Jordan",2003,"0"
"Jordan",2004,"0"
"Jordan",2005,"0"
"Jordan",2006,"0"
"Jordan",2007,"0"
"Jordan",2008,"0"
"Jordan",2009,"0"
"Jordan",2010,"0"
"Jordan",2011,"0"
"Jordan",2012,"0"
"Jordan",2013,"0"
"Jordan",2014,"0"
"Jordan",2015,"0"
"Jordan",2016,"0"
"Jordan",2017,"0"
"Jordan",2018,"0"
"Jordan",2019,"0"
"Jordan",2020,"0"
"Jordan",2021,"0"
"Kazakhstan",1990,"859.425"
"Kazakhstan",1991,"858.538"
"Kazakhstan",1992,"847.475"
"Kazakhstan",1993,"748.153"
"Kazakhstan",1994,"666.420"
"Kazakhstan",1995,"598.716"
"Kazakhstan",1996,"521.202"
"Kazakhstan",1997,"459.579"
"Kazakhstan",1998,"433.004"
"Kazakhstan",1999,"406.961"
"Kazakhstan",2000,"369.747"
"Kazakhstan",2001,"416.192"
"Kazakhstan",2002,"423.943"
"Kazakhstan",2003,"464.691"
"Kazakhstan",2004,"493.803"
"Kazakhstan",2005,"507.508"
"Kazakhstan",2006,"546.161"
"Kazakhstan",2007,"605.149"
"Kazakhstan",2008,"638.148"
"Kazakhstan",2009,"572.664"
"Kazakhstan",2010,"614.388"
"Kazakhstan",2011,"697.246"
"Kazakhstan",2012,"733.169"
"Kazakhstan",2013,"736.464"
"Kazakhstan",2014,"773.146"
"Kazakhstan",2015,"642.192"
"Kazakhstan",2016,"721.451"
"Kazakhstan",2017,"776.670"
"Kazakhstan",2018,"803.073"
"Kazakhstan",2019,"814.000"
"Kazakhstan",2020,"751.380"
"Kazakhstan",2021,"814.738"
"Kazakhstan",2022,"867.124"
"Kenya",1990,"0"
"Kenya",1991,"0"
"Kenya",1992,"0"
"Kenya",1993,"0"
"Kenya",1994,"0"
"Kenya",1995,"0"
"Kenya",1996,"0"
"Kenya",1997,"0"
"Kenya",1998,"0"
"Kenya",1999,"0"
"Kenya",2000,"0"
"Kenya",2001,"0"
"Kenya",2002,"0"
"Kenya",2003,"0"
"Kenya",2004,"0"
"Kenya",2005,"0"
"Kenya",2006,"0"
"Kenya",2007,"0"
"Kenya",2008,"0"
"Kenya",2009,"0"
"Kenya",2010,"0"
"Kenya",2011,"0"
"Kenya",2012,"0"
"Kenya",2013,"0"
"Kenya",2014,"0"
"Kenya",2015,"0"
"Kenya",2016,"0"
"Kenya",2017,"0"
"Kenya",2018,"0"
"Kenya",2019,"0"
"Kenya",2020,"0"
"Kenya",2021,"0"
"Kenya",2022,"0"
"Kiribati",1990,"0"
"Kiribati",1991,"0"
"Kiribati",1992,"0"
"Kiribati",1993,"0"
"Kiribati",1994,"0"
"Kiribati",1995,"0"
"Kiribati",1996,"0"
"Kiribati",1997,"0"
"Kiribati",1998,"0"
"Kiribati",1999,"0"
"Kiribati",2000,"0"
"Kiribati",2001,"0"
"Kiribati",2002,"0"
"Kiribati",2003,"0"
"Kiribati",2004,"0"
"Kiribati",2005,"0"
"Kiribati",2006,"0"
"Kiribati",2007,"0"
"Kiribati",2008,"0"
"Kiribati",2009,"0"
"Kiribati",2010,"0"
"Kiribati",2011,"0"
"Kiribati",2012,"0"
"Kiribati",2013,"0"
"Kiribati",2014,"0"
"Kiribati",2015,"0"
"Kiribati",2016,"0"
"Kiribati",2017,"0"
"Kiribati",2018,"0"
"Kiribati",2019,"0"
"Kiribati",2020,"0"
"Kiribati",2021,"0"
"Kuwait",1990,"91.493"
"Kuwait",1991,"46.121"
"Kuwait",1992,"81.675"
"Kuwait",1993,"100.173"
"Kuwait",1994,"116.934"
"Kuwait",1995,"150.550"
"Kuwait",1996,"149.020"
"Kuwait",1997,"155.051"
"Kuwait",1998,"190.983"
"Kuwait",1999,"198.265"
"Kuwait",2000,"211.943"
"Kuwait",2001,"214.306"
"Kuwait",2002,"226.829"
"Kuwait",2003,"271.091"
"Kuwait",2004,"302.839"
"Kuwait",2005,"334.093"
"Kuwait",2006,"321.130"
"Kuwait",2007,"311.961"
"Kuwait",2008,"337.470"
"Kuwait",2009,"349.383"
"Kuwait",2010,"392.964"
"Kuwait",2011,"403.565"
"Kuwait",2012,"414.877"
"Kuwait",2013,"424.642"
"Kuwait",2014,"431.849"
"Kuwait",2015,"448.760"
"Kuwait",2016,"443.289"
"Kuwait",2017,"450.902"
"Kuwait",2018,"461.703"
"Kuwait",2019,"420.184"
"Kuwait",2020,"397.375"
"Kuwait",2021,"416.789"
"Kuwait",2022,"443.464"
"Kyrgyzstan",1992,"0"
"Kyrgyzstan",1993,"0"
"Kyrgyzstan",1994,"0"
"Kyrgyzstan",1995,"0"
"Kyrgyzstan",1996,"0"
"Kyrgyzstan",1997,"0"
"Kyrgyzstan",1998,"0"
"Kyrgyzstan",1999,"0"
"Kyrgyzstan",2000,"0"
"Kyrgyzstan",2001,"0"
"Kyrgyzstan",2002,"0"
"Kyrgyzstan",2003,"0"
"Kyrgyzstan",2004,"0"
"Kyrgyzstan",2005,"0"
"Kyrgyzstan",2006,"0"
"Kyrgyzstan",2007,"0"
"Kyrgyzstan",2008,"0"
"Kyrgyzstan",2009,"0"
"Kyrgyzstan",2010,"0"
"Kyrgyzstan",2011,"0"
"Kyrgyzstan",2012,"0"
"Kyrgyzstan",2013,"0"
"Kyrgyzstan",2014,"0"
"Kyrgyzstan",2015,"0"
"Kyrgyzstan",2016,"0"
"Kyrgyzstan",2017,"0"
"Kyrgyzstan",2018,"0"
"Kyrgyzstan",2019,"0"
"Kyrgyzstan",2020,"0"
"Kyrgyzstan",2021,"0"
"Laos",1990,"0"
"Laos",1991,"0"
"Laos",1992,"0"
"Laos",1993,"0"
"Laos",1994,"0"
"Laos",1995,"0"
"Laos",1996,"0"
"Laos",1997,"0"
"Laos",1998,"0"
"Laos",1999,"0"
"Laos",2000,"0"
"Laos",2001,"0"
"Laos",2002,"0"
"Laos",2003,"0"
"Laos",2004,"0"
"Laos",2005,"0"
"Laos",2006,"0"
"Laos",2007,"0"
"Laos",2008,"0"
"Laos",2009,"0"
"Laos",2010,"0"
"Laos",2011,"0"
"Laos",2012,"0"
"Laos",2013,"0"
"Laos",2014,"0"
"Laos",2015,"0"
"Laos",2016,"0"
"Laos",2017,"0"
"Laos",2018,"0"
"Laos",2019,"0"
"Laos",2020,"0"
"Laos",2021,"0"
"Latvia",1990,"86.467"
"Latvia",1991,"79.679"
"Latvia",1992,"57.034"
"Latvia",1993,"49.155"
"Latvia",1994,"47.623"
"Latvia",1995,"44.569"
"Latvia",1996,"41.464"
"Latvia",1997,"41.772"
"Latvia",1998,"45.461"
"Latvia",1999,"38.594"
"Latvia",2000,"37.755"
"Latvia",2001,"40.655"
"Latvia",2002,"40.990"
"Latvia",2003,"40.442"
"Latvia",2004,"45.434"
"Latvia",2005,"46.825"
"Latvia",2006,"44.405"
"Latvia",2007,"45.793"
"Latvia",2008,"46.099"
"Latvia",2009,"43.667"
"Latvia",2010,"49.460"
"Latvia",2011,"43.954"
"Latvia",2012,"45.044"
"Latvia",2013,"42.634"
"Latvia",2014,"38.614"
"Latvia",2015,"39.291"
"Latvia",2016,"41.872"
"Latvia",2017,"46.007"
"Latvia",2018,"40.553"
"Latvia",2019,"41.876"
"Latvia",2020,"38.093"
"Latvia",2021,"39.647"
"Latvia",2022,"37.113"
"Lebanon",1990,"0"
"Lebanon",1991,"0"
"Lebanon",1992,"0"
"Lebanon",1993,"0"
"Lebanon",1994,"0"
"Lebanon",1995,"0"
"Lebanon",1996,"0"
"Lebanon",1997,"0"
"Lebanon",1998,"0"
"Lebanon",1999,"0"
"Lebanon",2000,"0"
"Lebanon",2001,"0"
"Lebanon",2002,"0"
"Lebanon",2003,"0"
"Lebanon",2004,"0"
"Lebanon",2005,"0"
"Lebanon",2006,"0"
"Lebanon",2007,"0"
"Lebanon",2008,"0"
"Lebanon",2009,"0"
"Lebanon",2010,"0"
"Lebanon",2011,"0"
"Lebanon",2012,"0"
"Lebanon",2013,"0"
"Lebanon",2014,"0"
"Lebanon",2015,"0"
"Lebanon",2016,"0"
"Lebanon",2017,"0"
"Lebanon",2018,"0"
"Lebanon",2019,"0"
"Lebanon",2020,"0"
"Lebanon",2021,"0"
"Lesotho",1990,"0"
"Lesotho",1991,"0"
"Lesotho",1992,"0"
"Lesotho",1993,"0"
"Lesotho",1994,"0"
"Lesotho",1995,"0"
"Lesotho",1996,"0"
"Lesotho",1997,"0"
"Lesotho",1998,"0"
"Lesotho",1999,"0"
"Lesotho",2000,"0"
"Lesotho",2001,"0"
"Lesotho",2002,"0"
"Lesotho",2003,"0"
"Lesotho",2004,"0"
"Lesotho",2005,"0"
"Lesotho",2006,"0"
"Lesotho",2007,"0"
"Lesotho",2008,"0"
"Lesotho",2009,"0"
"Lesotho",2010,"0"
"Lesotho",2011,"0"
"Lesotho",2012,"0"
"Lesotho",2013,"0"
"Lesotho",2014,"0"
"Lesotho",2015,"0"
"Lesotho",2016,"0"
"Lesotho",2017,"0"
"Lesotho",2018,"0"
"Lesotho",2019,"0"
"Lesotho",2020,"0"
"Lesotho",2021,"0"
"Liberia",1990,"0"
"Liberia",1991,"0"
"Liberia",1992,"0"
"Liberia",1993,"0"
"Liberia",1994,"0"
"Liberia",1995,"0"
"Liberia",1996,"0"
"Liberia",1997,"0"
"Liberia",1998,"0"
"Liberia",1999,"0"
"Liberia",2000,"0"
"Liberia",2001,"0"
"Liberia",2002,"0"
"Liberia",2003,"0"
"Liberia",2004,"0"
"Liberia",2005,"0"
"Liberia",2006,"0"
"Liberia",2007,"0"
"Liberia",2008,"0"
"Liberia",2009,"0"
"Liberia",2010,"0"
"Liberia",2011,"0"
"Liberia",2012,"0"
"Liberia",2013,"0"
"Liberia",2014,"0"
"Liberia",2015,"0"
"Liberia",2016,"0"
"Liberia",2017,"0"
"Liberia",2018,"0"
"Liberia",2019,"0"
"Liberia",2020,"0"
"Liberia",2021,"0"
"Libya",1990,"0"
"Libya",1991,"0"
"Libya",1992,"0"
"Libya",1993,"0"
"Libya",1994,"0"
"Libya",1995,"0"
"Libya",1996,"0"
"Libya",1997,"0"
"Libya",1998,"0"
"Libya",1999,"0"
"Libya",2000,"0"
"Libya",2001,"0"
"Libya",2002,"0"
"Libya",2003,"0"
"Libya",2004,"0"
"Libya",2005,"0"
"Libya",2006,"0"
"Libya",2007,"0"
"Libya",2008,"0"
"Libya",2009,"0"
"Libya",2010,"0"
"Libya",2011,"0"
"Libya",2012,"0"
"Libya",2013,"0"
"Libya",2014,"0"
"Libya",2015,"0"
"Libya",2016,"0"
"Libya",2017,"0"
"Libya",2018,"0"
"Libya",2019,"0"
"Libya",2020,"0"
"Libya",2021,"0"
"Libya",2022,"0"
"Lithuania",1990,"201.908"
"Lithuania",1991,"213.451"
"Lithuania",1992,"130.767"
"Lithuania",1993,"102.269"
"Lithuania",1994,"88.254"
"Lithuania",1995,"98.637"
"Lithuania",1996,"107.355"
"Lithuania",1997,"98.988"
"Lithuania",1998,"106.158"
"Lithuania",1999,"87.819"
"Lithuania",2000,"78.034"
"Lithuania",2001,"91.259"
"Lithuania",2002,"97.388"
"Lithuania",2003,"102.112"
"Lithuania",2004,"102.843"
"Lithuania",2005,"93.821"
"Lithuania",2006,"89.538"
"Lithuania",2007,"97.931"
"Lithuania",2008,"96.912"
"Lithuania",2009,"89.708"
"Lithuania",2010,"65.288"
"Lithuania",2011,"67.997"
"Lithuania",2012,"67.905"
"Lithuania",2013,"62.266"
"Lithuania",2014,"59.887"
"Lithuania",2015,"62.499"
"Lithuania",2016,"63.747"
"Lithuania",2017,"67.040"
"Lithuania",2018,"69.065"
"Lithuania",2019,"69.163"
"Lithuania",2020,"68.397"
"Lithuania",2021,"67.961"
"Lithuania",2022,"62.738"
"Luxembourg",1990,"37.111"
"Luxembourg",1991,"39.883"
"Luxembourg",1992,"40.005"
"Luxembourg",1993,"40.522"
"Luxembourg",1994,"38.961"
"Luxembourg",1995,"33.872"
"Luxembourg",1996,"34.850"
"Luxembourg",1997,"34.105"
"Luxembourg",1998,"32.933"
"Luxembourg",1999,"34.798"
"Luxembourg",2000,"37.133"
"Luxembourg",2001,"39.784"
"Luxembourg",2002,"43.495"
"Luxembourg",2003,"45.594"
"Luxembourg",2004,"51.645"
"Luxembourg",2005,"52.406"
"Luxembourg",2006,"51.450"
"Luxembourg",2007,"49.926"
"Luxembourg",2008,"49.537"
"Luxembourg",2009,"47.344"
"Luxembourg",2010,"49.847"
"Luxembourg",2011,"48.525"
"Luxembourg",2012,"47.654"
"Luxembourg",2013,"45.392"
"Luxembourg",2014,"43.906"
"Luxembourg",2015,"42.631"
"Luxembourg",2016,"42.012"
"Luxembourg",2017,"43.808"
"Luxembourg",2018,"45.738"
"Luxembourg",2019,"46.401"
"Luxembourg",2020,"39.310"
"Luxembourg",2021,"42.032"
"Luxembourg",2022,"37.935"
"Macao",1990,"0"
"Macao",1991,"0"
"Macao",1992,"0"
"Macao",1993,"0"
"Macao",1994,"0"
"Macao",1995,"0"
"Macao",1996,"0"
"Macao",1997,"0"
"Macao",1998,"0"
"Macao",1999,"0"
"Macao",2000,"0"
"Macao",2001,"0"
"Macao",2002,"0"
"Macao",2003,"0"
"Macao",2004,"0"
"Macao",2005,"0"
"Macao",2006,"0"
"Macao",2007,"0"
"Macao",2008,"0"
"Macao",2009,"0"
"Macao",2010,"0"
"Macao",2011,"0"
"Macao",2012,"0"
"Macao",2013,"0"
"Macao",2014,"0"
"Macao",2015,"0"
"Macao",2016,"0"
"Macao",2017,"0"
"Macao",2018,"0"
"Macao",2019,"0"
"Macao",2020,"0"
"Macao",2021,"0"
"Madagascar",1990,"0"
"Madagascar",1991,"0"
"Madagascar",1992,"0"
"Madagascar",1993,"0"
"Madagascar",1994,"0"
"Madagascar",1995,"0"
"Madagascar",1996,"0"
"Madagascar",1997,"0"
"Madagascar",1998,"0"
"Madagascar",1999,"0"
"Madagascar",2000,"0"
"Madagascar",2001,"0"
"Madagascar",2002,"0"
"Madagascar",2003,"0"
"Madagascar",2004,"0"
"Madagascar",2005,"0"
"Madagascar",2006,"0"
"Madagascar",2007,"0"
"Madagascar",2008,"0"
"Madagascar",2009,"0"
"Madagascar",2010,"0"
"Madagascar",2011,"0"
"Madagascar",2012,"0"
"Madagascar",2013,"0"
"Madagascar",2014,"0"
"Madagascar",2015,"0"
"Madagascar",2016,"0"
"Madagascar",2017,"0"
"Madagascar",2018,"0"
"Madagascar",2019,"0"
"Madagascar",2020,"0"
"Madagascar",2021,"0"
"Malawi",1990,"0"
"Malawi",1991,"0"
"Malawi",1992,"0"
"Malawi",1993,"0"
"Malawi",1994,"0"
"Malawi",1995,"0"
"Malawi",1996,"0"
"Malawi",1997,"0"
"Malawi",1998,"0"
"Malawi",1999,"0"
"Malawi",2000,"0"
"Malawi",2001,"0"
"Malawi",2002,"0"
"Malawi",2003,"0"
"Malawi",2004,"0"
"Malawi",2005,"0"
"Malawi",2006,"0"
"Malawi",2007,"0"
"Malawi",2008,"0"
"Malawi",2009,"0"
"Malawi",2010,"0"
"Malawi",2011,"0"
"Malawi",2012,"0"
"Malawi",2013,"0"
"Malawi",2014,"0"
"Malawi",2015,"0"
"Malawi",2016,"0"
"Malawi",2017,"0"
"Malawi",2018,"0"
"Malawi",2019,"0"
"Malawi",2020,"0"
"Malawi",2021,"0"
"Malaysia",1990,"240.986"
"Malaysia",1991,"301.867"
"Malaysia",1992,"340.554"
"Malaysia",1993,"342.514"
"Malaysia",1994,"363.738"
"Malaysia",1995,"397.952"
"Malaysia",1996,"444.273"
"Malaysia",1997,"515.451"
"Malaysia",1998,"495.441"
"Malaysia",1999,"529.429"
"Malaysia",2000,"609.435"
"Malaysia",2001,"623.983"
"Malaysia",2002,"657.884"
"Malaysia",2003,"712.827"
"Malaysia",2004,"769.801"
"Malaysia",2005,"833.187"
"Malaysia",2006,"841.841"
"Malaysia",2007,"897.632"
"Malaysia",2008,"930.079"
"Malaysia",2009,"898.600"
"Malaysia",2010,"928.942"
"Malaysia",2011,"944.294"
"Malaysia",2012,"1033.615"
"Malaysia",2013,"1083.214"
"Malaysia",2014,"1095.403"
"Malaysia",2015,"1112.290"
"Malaysia",2016,"1170.344"
"Malaysia",2017,"1185.872"
"Malaysia",2018,"1205.250"
"Malaysia",2019,"1237.137"
"Malaysia",2020,"1191.459"
"Malaysia",2021,"1268.671"
"Malaysia",2022,"1339.830"
"Maldives",1990,"0"
"Maldives",1991,"0"
"Maldives",1992,"0"
"Maldives",1993,"0"
"Maldives",1994,"0"
"Maldives",1995,"0"
"Maldives",1996,"0"
"Maldives",1997,"0"
"Maldives",1998,"0"
"Maldives",1999,"0"
"Maldives",2000,"0"
"Maldives",2001,"0"
"Maldives",2002,"0"
"Maldives",2003,"0"
"Maldives",2004,"0"
"Maldives",2005,"0"
"Maldives",2006,"0"
"Maldives",2007,"0"
"Maldives",2008,"0"
"Maldives",2009,"0"
"Maldives",2010,"0"
"Maldives",2011,"0"
"Maldives",2012,"0"
"Maldives",2013,"0"
"Maldives",2014,"0"
"Maldives",2015,"0"
"Maldives",2016,"0"
"Maldives",2017,"0"
"Maldives",2018,"0"
"Maldives",2019,"0"
"Maldives",2020,"0"
"Maldives",2021,"0"
"Mali",1990,"0"
"Mali",1991,"0"
"Mali",1992,"0"
"Mali",1993,"0"
"Mali",1994,"0"
"Mali",1995,"0"
"Mali",1996,"0"
"Mali",1997,"0"
"Mali",1998,"0"
"Mali",1999,"0"
"Mali",2000,"0"
"Mali",2001,"0"
"Mali",2002,"0"
"Mali",2003,"0"
"Mali",2004,"0"
"Mali",2005,"0"
"Mali",2006,"0"
"Mali",2007,"0"
"Mali",2008,"0"
"Mali",2009,"0"
"Mali",2010,"0"
"Mali",2011,"0"
"Mali",2012,"0"
"Mali",2013,"0"
"Mali",2014,"0"
"Mali",2015,"0"
"Mali",2016,"0"
"Mali",2017,"0"
"Mali",2018,"0"
"Mali",2019,"0"
"Mali",2020,"0"
"Mali",2021,"0"
"Malta",1990,"0"
"Malta",1991,"0"
"Malta",1992,"0"
"Malta",1993,"0"
"Malta",1994,"0"
"Malta",1995,"0"
"Malta",1996,"0"
"Malta",1997,"0"
"Malta",1998,"0"
"Malta",1999,"0"
"Malta",2000,"0"
"Malta",2001,"0"
"Malta",2002,"0"
"Malta",2003,"0"
"Malta",2004,"0"
"Malta",2005,"0"
"Malta",2006,"0"
"Malta",2007,"0"
"Malta",2008,"0"
"Malta",2009,"0"
"Malta",2010,"0"
"Malta",2011,"0"
"Malta",2012,"0"
"Malta",2013,"0"
"Malta",2014,"0"
"Malta",2015,"0"
"Malta",2016,"0"
"Malta",2017,"0"
"Malta",2018,"0"
"Malta",2019,"0"
"Malta",2020,"0"
"Malta",2021,"0"
"Malta",2022,"0"
"Martinique",1990,"0"
"Martinique",1991,"0"
"Martinique",1992,"0"
"Martinique",1993,"0"
"Martinique",1994,"0"
"Martinique",1995,"0"
"Martinique",1996,"0"
"Martinique",1997,"0"
"Martinique",1998,"0"
"Martinique",1999,"0"
"Martinique",2000,"0"
"Martinique",2001,"0"
"Martinique",2002,"0"
"Martinique",2003,"0"
"Martinique",2004,"0"
"Martinique",2005,"0"
"Martinique",2006,"0"
"Martinique",2007,"0"
"Martinique",2008,"0"
"Martinique",2009,"0"
"Martinique",2010,"0"
"Martinique",2011,"0"
"Martinique",2012,"0"
"Martinique",2013,"0"
"Martinique",2014,"0"
"Martinique",2015,"0"
"Martinique",2016,"0"
"Martinique",2017,"0"
"Martinique",2018,"0"
"Martinique",2019,"0"
"Martinique",2020,"0"
"Martinique",2021,"0"
"Mauritania",1990,"0"
"Mauritania",1991,"0"
"Mauritania",1992,"0"
"Mauritania",1993,"0"
"Mauritania",1994,"0"
"Mauritania",1995,"0"
"Mauritania",1996,"0"
"Mauritania",1997,"0"
"Mauritania",1998,"0"
"Mauritania",1999,"0"
"Mauritania",2000,"0"
"Mauritania",2001,"0"
"Mauritania",2002,"0"
"Mauritania",2003,"0"
"Mauritania",2004,"0"
"Mauritania",2005,"0"
"Mauritania",2006,"0"
"Mauritania",2007,"0"
"Mauritania",2008,"0"
"Mauritania",2009,"0"
"Mauritania",2010,"0"
"Mauritania",2011,"0"
"Mauritania",2012,"0"
"Mauritania",2013,"0"
"Mauritania",2014,"0"
"Mauritania",2015,"0"
"Mauritania",2016,"0"
"Mauritania",2017,"0"
"Mauritania",2018,"0"
"Mauritania",2019,"0"
"Mauritania",2020,"0"
"Mauritania",2021,"0"
"Mauritius",1990,"0"
"Mauritius",1991,"0"
"Mauritius",1992,"0"
"Mauritius",1993,"0"
"Mauritius",1994,"0"
"Mauritius",1995,"0"
"Mauritius",1996,"0"
"Mauritius",1997,"0"
"Mauritius",1998,"0"
"Mauritius",1999,"0"
"Mauritius",2000,"0"
"Mauritius",2001,"0"
"Mauritius",2002,"0"
"Mauritius",2003,"0"
"Mauritius",2004,"0"
"Mauritius",2005,"0"
"Mauritius",2006,"0"
"Mauritius",2007,"0"
"Mauritius",2008,"0"
"Mauritius",2009,"0"
"Mauritius",2010,"0"
"Mauritius",2011,"0"
"Mauritius",2012,"0"
"Mauritius",2013,"0"
"Mauritius",2014,"0"
"Mauritius",2015,"0"
"Mauritius",2016,"0"
"Mauritius",2017,"0"
"Mauritius",2018,"0"
"Mauritius",2019,"0"
"Mauritius",2020,"0"
"Mauritius",2021,"0"
"Mexico",1990,"1304.532"
"Mexico",1991,"1340.990"
"Mexico",1992,"1365.848"
"Mexico",1993,"1366.721"
"Mexico",1994,"1446.779"
"Mexico",1995,"1420.873"
"Mexico",1996,"1459.178"
"Mexico",1997,"1495.857"
"Mexico",1998,"1556.583"
"Mexico",1999,"1579.716"
"Mexico",2000,"1675.070"
"Mexico",2001,"1661.728"
"Mexico",2002,"1702.789"
"Mexico",2003,"1721.333"
"Mexico",2004,"1822.718"
"Mexico",2005,"1996.882"
"Mexico",2006,"2028.363"
"Mexico",2007,"2045.668"
"Mexico",2008,"2131.815"
"Mexico",2009,"2096.588"
"Mexico",2010,"2103.309"
"Mexico",2011,"2200.010"
"Mexico",2012,"2221.533"
"Mexico",2013,"2221.400"
"Mexico",2014,"2208.281"
"Mexico",2015,"2182.440"
"Mexico",2016,"2232.383"
"Mexico",2017,"2273.770"
"Mexico",2018,"2245.690"
"Mexico",2019,"2219.953"
"Mexico",2020,"2045.244"
"Mexico",2021,"2203.115"
"Mexico",2022,"2405.752"
"Micronesia (country)",1990,"0"
"Micronesia (country)",1991,"0"
"Micronesia (country)",1992,"0"
"Micronesia (country)",1993,"0"
"Micronesia (country)",1994,"0"
"Micronesia (country)",1995,"0"
"Micronesia (country)",1996,"0"
"Micronesia (country)",1997,"0"
"Micronesia (country)",1998,"0"
"Micronesia (country)",1999,"0"
"Micronesia (country)",2000,"0"
"Micronesia (country)",2001,"0"
"Micronesia (country)",2002,"0"
"Micronesia (country)",2003,"0"
"Micronesia (country)",2004,"0"
"Micronesia (country)",2005,"0"
"Micronesia (country)",2006,"0"
"Micronesia (country)",2007,"0"
"Micronesia (country)",2008,"0"
"Micronesia (country)",2009,"0"
"Micronesia (country)",2010,"0"
"Micronesia (country)",2011,"0"
"Micronesia (country)",2012,"0"
"Micronesia (country)",2013,"0"
"Micronesia (country)",2014,"0"
"Micronesia (country)",2015,"0"
"Micronesia (country)",2016,"0"
"Micronesia (country)",2017,"0"
"Micronesia (country)",2018,"0"
"Micronesia (country)",2019,"0"
"Micronesia (country)",2020,"0"
"Micronesia (country)",2021,"0"
"Moldova",1992,"0"
"Moldova",1993,"0"
"Moldova",1994,"0"
"Moldova",1995,"0"
"Moldova",1996,"0"
"Moldova",1997,"0"
"Moldova",1998,"0"
"Moldova",1999,"0"
"Moldova",2000,"0"
"Moldova",2001,"0"
"Moldova",2002,"0"
"Moldova",2003,"0"
"Moldova",2004,"0"
"Moldova",2005,"0"
"Moldova",2006,"0"
"Moldova",2007,"0"
"Moldova",2008,"0"
"Moldova",2009,"0"
"Moldova",2010,"0"
"Moldova",2011,"0"
"Moldova",2012,"0"
"Moldova",2013,"0"
"Moldova",2014,"0"
"Moldova",2015,"0"
"Moldova",2016,"0"
"Moldova",2017,"0"
"Moldova",2018,"0"
"Moldova",2019,"0"
"Moldova",2020,"0"
"Moldova",2021,"0"
"Moldova",2022,"0"
"Mongolia",1990,"0"
"Mongolia",1991,"0"
"Mongolia",1992,"0"
"Mongolia",1993,"0"
"Mongolia",1994,"0"
"Mongolia",1995,"0"
"Mongolia",1996,"0"
"Mongolia",1997,"0"
"Mongolia",1998,"0"
"Mongolia",1999,"0"
"Mongolia",2000,"0"
"Mongolia",2001,"0"
"Mongolia",2002,"0"
"Mongolia",2003,"0"
"Mongolia",2004,"0"
"Mongolia",2005,"0"
"Mongolia",2006,"0"
"Mongolia",2007,"0"
"Mongolia",2008,"0"
"Mongolia",2009,"0"
"Mongolia",2010,"0"
"Mongolia",2011,"0"
"Mongolia",2012,"0"
"Mongolia",2013,"0"
"Mongolia",2014,"0"
"Mongolia",2015,"0"
"Mongolia",2016,"0"
"Mongolia",2017,"0"
"Mongolia",2018,"0"
"Mongolia",2019,"0"
"Mongolia",2020,"0"
"Mongolia",2021,"0"
"Mongolia",2022,"0"
"Montenegro",2005,"0"
"Montenegro",2006,"0"
"Montenegro",2007,"0"
"Montenegro",2008,"0"
"Montenegro",2009,"0"
"Montenegro",2010,"0"
"Montenegro",2011,"0"
"Montenegro",2012,"0"
"Montenegro",2013,"0"
"Montenegro",2014,"0"
"Montenegro",2015,"0"
"Montenegro",2016,"0"
"Montenegro",2017,"0"
"Montenegro",2018,"0"
"Montenegro",2019,"0"
"Montenegro",2020,"0"
"Montenegro",2021,"0"
"Montenegro",2022,"0"
"Montserrat",1990,"0"
"Montserrat",1991,"0"
"Montserrat",1992,"0"
"Montserrat",1993,"0"
"Montserrat",1994,"0"
"Montserrat",1995,"0"
"Montserrat",1996,"0"
"Montserrat",1997,"0"
"Montserrat",1998,"0"
"Montserrat",1999,"0"
"Montserrat",2000,"0"
"Montserrat",2001,"0"
"Montserrat",2002,"0"
"Montserrat",2003,"0"
"Montserrat",2004,"0"
"Montserrat",2005,"0"
"Montserrat",2006,"0"
"Montserrat",2007,"0"
"Montserrat",2008,"0"
"Montserrat",2009,"0"
"Montserrat",2010,"0"
"Montserrat",2011,"0"
"Montserrat",2012,"0"
"Montserrat",2013,"0"
"Montserrat",2014,"0"
"Montserrat",2015,"0"
"Montserrat",2016,"0"
"Montserrat",2017,"0"
"Montserrat",2018,"0"
"Montserrat",2019,"0"
"Montserrat",2020,"0"
"Montserrat",2021,"0"
"Morocco",1990,"82.755"
"Morocco",1991,"83.803"
"Morocco",1992,"93.780"
"Morocco",1993,"94.766"
"Morocco",1994,"104.454"
"Morocco",1995,"102.452"
"Morocco",1996,"107.114"
"Morocco",1997,"111.353"
"Morocco",1998,"114.212"
"Morocco",1999,"118.493"
"Morocco",2000,"117.464"
"Morocco",2001,"126.905"
"Morocco",2002,"130.091"
"Morocco",2003,"130.449"
"Morocco",2004,"148.564"
"Morocco",2005,"161.333"
"Morocco",2006,"164.665"
"Morocco",2007,"163.229"
"Morocco",2008,"180.130"
"Morocco",2009,"175.790"
"Morocco",2010,"194.956"
"Morocco",2011,"204.747"
"Morocco",2012,"208.422"
"Morocco",2013,"213.978"
"Morocco",2014,"217.025"
"Morocco",2015,"220.859"
"Morocco",2016,"223.325"
"Morocco",2017,"233.801"
"Morocco",2018,"241.814"
"Morocco",2019,"263.841"
"Morocco",2020,"240.365"
"Morocco",2021,"268.313"
"Morocco",2022,"256.777"
"Mozambique",1990,"0"
"Mozambique",1991,"0"
"Mozambique",1992,"0"
"Mozambique",1993,"0"
"Mozambique",1994,"0"
"Mozambique",1995,"0"
"Mozambique",1996,"0"
"Mozambique",1997,"0"
"Mozambique",1998,"0"
"Mozambique",1999,"0"
"Mozambique",2000,"0"
"Mozambique",2001,"0"
"Mozambique",2002,"0"
"Mozambique",2003,"0"
"Mozambique",2004,"0"
"Mozambique",2005,"0"
"Mozambique",2006,"0"
"Mozambique",2007,"0"
"Mozambique",2008,"0"
"Mozambique",2009,"0"
"Mozambique",2010,"0"
"Mozambique",2011,"0"
"Mozambique",2012,"0"
"Mozambique",2013,"0"
"Mozambique",2014,"0"
"Mozambique",2015,"0"
"Mozambique",2016,"0"
"Mozambique",2017,"0"
"Mozambique",2018,"0"
"Mozambique",2019,"0"
"Mozambique",2020,"0"
"Mozambique",2021,"0"
"Myanmar",1990,"0"
"Myanmar",1991,"0"
"Myanmar",1992,"0"
"Myanmar",1993,"0"
"Myanmar",1994,"0"
"Myanmar",1995,"0"
"Myanmar",1996,"0"
"Myanmar",1997,"0"
"Myanmar",1998,"0"
"Myanmar",1999,"0"
"Myanmar",2000,"0"
"Myanmar",2001,"0"
"Myanmar",2002,"0"
"Myanmar",2003,"0"
"Myanmar",2004,"0"
"Myanmar",2005,"0"
"Myanmar",2006,"0"
"Myanmar",2007,"0"
"Myanmar",2008,"0"
"Myanmar",2009,"0"
"Myanmar",2010,"0"
"Myanmar",2011,"0"
"Myanmar",2012,"0"
"Myanmar",2013,"0"
"Myanmar",2014,"0"
"Myanmar",2015,"0"
"Myanmar",2016,"0"
"Myanmar",2017,"0"
"Myanmar",2018,"0"
"Myanmar",2019,"0"
"Myanmar",2020,"0"
"Myanmar",2021,"0"
"Myanmar",2022,"0"
"Namibia",1990,"0"
"Namibia",1991,"0"
"Namibia",1992,"0"
"Namibia",1993,"0"
"Namibia",1994,"0"
"Namibia",1995,"0"
"Namibia",1996,"0"
"Namibia",1997,"0"
"Namibia",1998,"0"
"Namibia",1999,"0"
"Namibia",2000,"0"
"Namibia",2001,"0"
"Namibia",2002,"0"
"Namibia",2003,"0"
"Namibia",2004,"0"
"Namibia",2005,"0"
"Namibia",2006,"0"
"Namibia",2007,"0"
"Namibia",2008,"0"
"Namibia",2009,"0"
"Namibia",2010,"0"
"Namibia",2011,"0"
"Namibia",2012,"0"
"Namibia",2013,"0"
"Namibia",2014,"0"
"Namibia",2015,"0"
"Namibia",2016,"0"
"Namibia",2017,"0"
"Namibia",2018,"0"
"Namibia",2019,"0"
"Namibia",2020,"0"
"Namibia",2021,"0"
"Nauru",1990,"0"
"Nauru",1991,"0"
"Nauru",1992,"0"
"Nauru",1993,"0"
"Nauru",1994,"0"
"Nauru",1995,"0"
"Nauru",1996,"0"
"Nauru",1997,"0"
"Nauru",1998,"0"
"Nauru",1999,"0"
"Nauru",2000,"0"
"Nauru",2001,"0"
"Nauru",2002,"0"
"Nauru",2003,"0"
"Nauru",2004,"0"
"Nauru",2005,"0"
"Nauru",2006,"0"
"Nauru",2007,"0"
"Nauru",2008,"0"
"Nauru",2009,"0"
"Nauru",2010,"0"
"Nauru",2011,"0"
"Nauru",2012,"0"
"Nauru",2013,"0"
"Nauru",2014,"0"
"Nauru",2015,"0"
"Nauru",2016,"0"
"Nauru",2017,"0"
"Nauru",2018,"0"
"Nauru",2019,"0"
"Nauru",2020,"0"
"Nauru",2021,"0"
"Nepal",1990,"0"
"Nepal",1991,"0"
"Nepal",1992,"0"
"Nepal",1993,"0"
"Nepal",1994,"0"
"Nepal",1995,"0"
"Nepal",1996,"0"
"Nepal",1997,"0"
"Nepal",1998,"0"
"Nepal",1999,"0"
"Nepal",2000,"0"
"Nepal",2001,"0"
"Nepal",2002,"0"
"Nepal",2003,"0"
"Nepal",2004,"0"
"Nepal",2005,"0"
"Nepal",2006,"0"
"Nepal",2007,"0"
"Nepal",2008,"0"
"Nepal",2009,"0"
"Nepal",2010,"0"
"Nepal",2011,"0"
"Nepal",2012,"0"
"Nepal",2013,"0"
"Nepal",2014,"0"
"Nepal",2015,"0"
"Nepal",2016,"0"
"Nepal",2017,"0"
"Nepal",2018,"0"
"Nepal",2019,"0"
"Nepal",2020,"0"
"Nepal",2021,"0"
"Netherlands",1990,"908.597"
"Netherlands",1991,"925.669"
"Netherlands",1992,"936.718"
"Netherlands",1993,"944.213"
"Netherlands",1994,"933.811"
"Netherlands",1995,"971.715"
"Netherlands",1996,"1012.910"
"Netherlands",1997,"994.180"
"Netherlands",1998,"1000.865"
"Netherlands",1999,"988.069"
"Netherlands",2000,"1000.393"
"Netherlands",2001,"1038.030"
"Netherlands",2002,"1036.782"
"Netherlands",2003,"1044.943"
"Netherlands",2004,"1078.130"
"Netherlands",2005,"1095.399"
"Netherlands",2006,"1072.994"
"Netherlands",2007,"1094.673"
"Netherlands",2008,"1078.162"
"Netherlands",2009,"1059.784"
"Netherlands",2010,"1148.120"
"Netherlands",2011,"1092.480"
"Netherlands",2012,"1072.704"
"Netherlands",2013,"1043.878"
"Netherlands",2014,"1000.329"
"Netherlands",2015,"1018.341"
"Netherlands",2016,"1027.961"
"Netherlands",2017,"1036.691"
"Netherlands",2018,"1011.285"
"Netherlands",2019,"1003.041"
"Netherlands",2020,"960.394"
"Netherlands",2021,"980.532"
"Netherlands",2022,"953.256"
"Netherlands Antilles",1990,"0"
"Netherlands Antilles",1991,"0"
"Netherlands Antilles",1992,"0"
"Netherlands Antilles",1993,"0"
"Netherlands Antilles",1994,"0"
"Netherlands Antilles",1995,"0"
"Netherlands Antilles",1996,"0"
"Netherlands Antilles",1997,"0"
"Netherlands Antilles",1998,"0"
"Netherlands Antilles",1999,"0"
"Netherlands Antilles",2000,"0"
"Netherlands Antilles",2001,"0"
"Netherlands Antilles",2002,"0"
"Netherlands Antilles",2003,"0"
"Netherlands Antilles",2004,"0"
"Netherlands Antilles",2005,"0"
"Netherlands Antilles",2006,"0"
"Netherlands Antilles",2007,"0"
"Netherlands Antilles",2008,"0"
"Netherlands Antilles",2009,"0"
"Netherlands Antilles",2010,"0"
"Netherlands Antilles",2011,"0"
"Netherlands Antilles",2012,"0"
"Netherlands Antilles",2013,"0"
"Netherlands Antilles",2014,"0"
"Netherlands Antilles",2015,"0"
"Netherlands Antilles",2016,"0"
"Netherlands Antilles",2017,"0"
"Netherlands Antilles",2018,"0"
"Netherlands Antilles",2019,"0"
"Netherlands Antilles",2020,"0"
"Netherlands Antilles",2021,"0"
"New Caledonia",1990,"0"
"New Caledonia",1991,"0"
"New Caledonia",1992,"0"
"New Caledonia",1993,"0"
"New Caledonia",1994,"0"
"New Caledonia",1995,"0"
"New Caledonia",1996,"0"
"New Caledonia",1997,"0"
"New Caledonia",1998,"0"
"New Caledonia",1999,"0"
"New Caledonia",2000,"0"
"New Caledonia",2001,"0"
"New Caledonia",2002,"0"
"New Caledonia",2003,"0"
"New Caledonia",2004,"0"
"New Caledonia",2005,"0"
"New Caledonia",2006,"0"
"New Caledonia",2007,"0"
"New Caledonia",2008,"0"
"New Caledonia",2009,"0"
"New Caledonia",2010,"0"
"New Caledonia",2011,"0"
"New Caledonia",2012,"0"
"New Caledonia",2013,"0"
"New Caledonia",2014,"0"
"New Caledonia",2015,"0"
"New Caledonia",2016,"0"
"New Caledonia",2017,"0"
"New Caledonia",2018,"0"
"New Caledonia",2019,"0"
"New Caledonia",2020,"0"
"New Caledonia",2021,"0"
"New Zealand",1990,"177.760"
"New Zealand",1991,"181.029"
"New Zealand",1992,"181.499"
"New Zealand",1993,"186.812"
"New Zealand",1994,"198.107"
"New Zealand",1995,"206.011"
"New Zealand",1996,"209.328"
"New Zealand",1997,"209.091"
"New Zealand",1998,"208.353"
"New Zealand",1999,"209.565"
"New Zealand",2000,"218.645"
"New Zealand",2001,"217.267"
"New Zealand",2002,"225.638"
"New Zealand",2003,"218.729"
"New Zealand",2004,"225.026"
"New Zealand",2005,"217.997"
"New Zealand",2006,"218.811"
"New Zealand",2007,"217.562"
"New Zealand",2008,"216.547"
"New Zealand",2009,"214.158"
"New Zealand",2010,"217.123"
"New Zealand",2011,"217.323"
"New Zealand",2012,"218.496"
"New Zealand",2013,"219.284"
"New Zealand",2014,"228.468"
"New Zealand",2015,"228.564"
"New Zealand",2016,"231.455"
"New Zealand",2017,"236.406"
"New Zealand",2018,"235.404"
"New Zealand",2019,"240.879"
"New Zealand",2020,"216.580"
"New Zealand",2021,"211.910"
"New Zealand",2022,"209.393"
"Nicaragua",1990,"0"
"Nicaragua",1991,"0"
"Nicaragua",1992,"0"
"Nicaragua",1993,"0"
"Nicaragua",1994,"0"
"Nicaragua",1995,"0"
"Nicaragua",1996,"0"
"Nicaragua",1997,"0"
"Nicaragua",1998,"0"
"Nicaragua",1999,"0"
"Nicaragua",2000,"0"
"Nicaragua",2001,"0"
"Nicaragua",2002,"0"
"Nicaragua",2003,"0"
"Nicaragua",2004,"0"
"Nicaragua",2005,"0"
"Nicaragua",2006,"0"
"Nicaragua",2007,"0"
"Nicaragua",2008,"0"
"Nicaragua",2009,"0"
"Nicaragua",2010,"0"
"Nicaragua",2011,"0"
"Nicaragua",2012,"0"
"Nicaragua",2013,"0"
"Nicaragua",2014,"0"
"Nicaragua",2015,"0"
"Nicaragua",2016,"0"
"Nicaragua",2017,"0"
"Nicaragua",2018,"0"
"Nicaragua",2019,"0"
"Nicaragua",2020,"0"
"Nicaragua",2021,"0"
"Niger",1990,"0"
"Niger",1991,"0"
"Niger",1992,"0"
"Niger",1993,"0"
"Niger",1994,"0"
"Niger",1995,"0"
"Niger",1996,"0"
"Niger",1997,"0"
"Niger",1998,"0"
"Niger",1999,"0"
"Niger",2000,"0"
"Niger",2001,"0"
"Niger",2002,"0"
"Niger",2003,"0"
"Niger",2004,"0"
"Niger",2005,"0"
"Niger",2006,"0"
"Niger",2007,"0"
"Niger",2008,"0"
"Niger",2009,"0"
"Niger",2010,"0"
"Niger",2011,"0"
"Niger",2012,"0"
"Niger",2013,"0"
"Niger",2014,"0"
"Niger",2015,"0"
"Niger",2016,"0"
"Niger",2017,"0"
"Niger",2018,"0"
"Niger",2019,"0"
"Niger",2020,"0"
"Niger",2021,"0"
"Nigeria",1990,"0"
"Nigeria",1991,"0"
"Nigeria",1992,"0"
"Nigeria",1993,"0"
"Nigeria",1994,"0"
"Nigeria",1995,"0"
"Nigeria",1996,"0"
"Nigeria",1997,"0"
"Nigeria",1998,"0"
"Nigeria",1999,"0"
"Nigeria",2000,"0"
"Nigeria",2001,"0"
"Nigeria",2002,"0"
"Nigeria",2003,"0"
"Nigeria",2004,"0"
"Nigeria",2005,"0"
"Nigeria",2006,"0"
"Nigeria",2007,"0"
"Nigeria",2008,"0"
"Nigeria",2009,"0"
"Nigeria",2010,"0"
"Nigeria",2011,"0"
"Nigeria",2012,"0"
"Nigeria",2013,"0"
"Nigeria",2014,"0"
"Nigeria",2015,"0"
"Nigeria",2016,"0"
"Nigeria",2017,"0"
"Nigeria",2018,"0"
"Nigeria",2019,"0"
"Nigeria",2020,"0"
"Nigeria",2021,"0"
"Nigeria",2022,"0"
"Niue",1990,"0"
"Niue",1991,"0"
"Niue",1992,"0"
"Niue",1993,"0"
"Niue",1994,"0"
"Niue",1995,"0"
"Niue",1996,"0"
"Niue",1997,"0"
"Niue",1998,"0"
"Niue",1999,"0"
"Niue",2000,"0"
"Niue",2001,"0"
"Niue",2002,"0"
"Niue",2003,"0"
"Niue",2004,"0"
"Niue",2005,"0"
"Niue",2006,"0"
"Niue",2007,"0"
"Niue",2008,"0"
"Niue",2009,"0"
"Niue",2010,"0"
"Niue",2011,"0"
"Niue",2012,"0"
"Niue",2013,"0"
"Niue",2014,"0"
"Niue",2015,"0"
"Niue",2016,"0"
"Niue",2017,"0"
"Niue",2018,"0"
"Niue",2019,"0"
"Niue",2020,"0"
"Niue",2021,"0"
"North Korea",1990,"0"
"North Korea",1991,"0"
"North Korea",1992,"0"
"North Korea",1993,"0"
"North Korea",1994,"0"
"North Korea",1995,"0"
"North Korea",1996,"0"
"North Korea",1997,"0"
"North Korea",1998,"0"
"North Korea",1999,"0"
"North Korea",2000,"0"
"North Korea",2001,"0"
"North Korea",2002,"0"
"North Korea",2003,"0"
"North Korea",2004,"0"
"North Korea",2005,"0"
"North Korea",2006,"0"
"North Korea",2007,"0"
"North Korea",2008,"0"
"North Korea",2009,"0"
"North Korea",2010,"0"
"North Korea",2011,"0"
"North Korea",2012,"0"
"North Korea",2013,"0"
"North Korea",2014,"0"
"North Korea",2015,"0"
"North Korea",2016,"0"
"North Korea",2017,"0"
"North Korea",2018,"0"
"North Korea",2019,"0"
"North Korea",2020,"0"
"North Korea",2021,"0"
"North Macedonia",1990,"29.660"
"North Macedonia",1991,"29.448"
"North Macedonia",1992,"30.237"
"North Macedonia",1993,"30.280"
"North Macedonia",1994,"28.442"
"North Macedonia",1995,"28.651"
"North Macedonia",1996,"33.280"
"North Macedonia",1997,"30.013"
"North Macedonia",1998,"33.923"
"North Macedonia",1999,"32.504"
"North Macedonia",2000,"30.848"
"North Macedonia",2001,"29.025"
"North Macedonia",2002,"28.362"
"North Macedonia",2003,"31.975"
"North Macedonia",2004,"31.577"
"North Macedonia",2005,"32.658"
"North Macedonia",2006,"33.202"
"North Macedonia",2007,"32.975"
"North Macedonia",2008,"31.932"
"North Macedonia",2009,"31.450"
"North Macedonia",2010,"34.147"
"North Macedonia",2011,"34.065"
"North Macedonia",2012,"31.628"
"North Macedonia",2013,"30.224"
"North Macedonia",2014,"27.964"
"North Macedonia",2015,"29.419"
"North Macedonia",2016,"30.474"
"North Macedonia",2017,"29.267"
"North Macedonia",2018,"29.228"
"North Macedonia",2019,"30.879"
"North Macedonia",2020,"26.888"
"North Macedonia",2021,"28.114"
"North Macedonia",2022,"28.933"
"Northern Mariana Islands",1990,"0"
"Northern Mariana Islands",1991,"0"
"Northern Mariana Islands",1992,"0"
"Northern Mariana Islands",1993,"0"
"Northern Mariana Islands",1994,"0"
"Northern Mariana Islands",1995,"0"
"Northern Mariana Islands",1996,"0"
"Northern Mariana Islands",1997,"0"
"Northern Mariana Islands",1998,"0"
"Northern Mariana Islands",1999,"0"
"Northern Mariana Islands",2000,"0"
"Northern Mariana Islands",2001,"0"
"Northern Mariana Islands",2002,"0"
"Northern Mariana Islands",2003,"0"
"Northern Mariana Islands",2004,"0"
"Northern Mariana Islands",2005,"0"
"Northern Mariana Islands",2006,"0"
"Northern Mariana Islands",2007,"0"
"Northern Mariana Islands",2008,"0"
"Northern Mariana Islands",2009,"0"
"Northern Mariana Islands",2010,"0"
"Northern Mariana Islands",2011,"0"
"Northern Mariana Islands",2012,"0"
"Northern Mariana Islands",2013,"0"
"Northern Mariana Islands",2014,"0"
"Northern Mariana Islands",2015,"0"
"Northern Mariana Islands",2016,"0"
"Northern Mariana Islands",2017,"0"
"Northern Mariana Islands",2018,"0"
"Northern Mariana Islands",2019,"0"
"Northern Mariana Islands",2020,"0"
"Northern Mariana Islands",2021,"0"
"Norway",1990,"494.718"
"Norway",1991,"456.124"
"Norway",1992,"480.339"
"Norway",1993,"495.676"
"Norway",1994,"478.640"
"Norway",1995,"507.898"
"Norway",1996,"465.770"
"Norway",1997,"489.915"
"Norway",1998,"509.437"
"Norway",1999,"522.958"
"Norway",2000,"579.695"
"Norway",2001,"524.182"
"Norway",2002,"545.466"
"Norway",2003,"480.974"
"Norway",2004,"489.783"
"Norway",2005,"559.691"
"Norway",2006,"512.315"
"Norway",2007,"550.038"
"Norway",2008,"563.256"
"Norway",2009,"520.529"
"Norway",2010,"499.265"
"Norway",2011,"506.404"
"Norway",2012,"561.007"
"Norway",2013,"525.663"
"Norway",2014,"541.930"
"Norway",2015,"547.192"
"Norway",2016,"555.356"
"Norway",2017,"558.055"
"Norway",2018,"549.483"
"Norway",2019,"514.728"
"Norway",2020,"558.141"
"Norway",2021,"568.374"
"Norway",2022,"525.866"
"Oman",1990,"46.578"
"Oman",1991,"60.794"
"Oman",1992,"60.287"
"Oman",1993,"58.154"
"Oman",1994,"54.481"
"Oman",1995,"63.822"
"Oman",1996,"65.475"
"Oman",1997,"67.466"
"Oman",1998,"69.180"
"Oman",1999,"78.621"
"Oman",2000,"110.924"
"Oman",2001,"123.160"
"Oman",2002,"132.999"
"Oman",2003,"137.961"
"Oman",2004,"128.175"
"Oman",2005,"155.011"
"Oman",2006,"170.272"
"Oman",2007,"172.564"
"Oman",2008,"200.784"
"Oman",2009,"199.197"
"Oman",2010,"236.931"
"Oman",2011,"259.683"
"Oman",2012,"283.303"
"Oman",2013,"317.484"
"Oman",2014,"315.798"
"Oman",2015,"336.784"
"Oman",2016,"337.738"
"Oman",2017,"353.377"
"Oman",2018,"375.743"
"Oman",2019,"373.150"
"Oman",2020,"359.103"
"Oman",2021,"394.007"
"Oman",2022,"415.306"
"Pakistan",1990,"305.496"
"Pakistan",1991,"323.700"
"Pakistan",1992,"340.029"
"Pakistan",1993,"376.314"
"Pakistan",1994,"389.382"
"Pakistan",1995,"410.680"
"Pakistan",1996,"437.427"
"Pakistan",1997,"422.884"
"Pakistan",1998,"453.849"
"Pakistan",1999,"473.722"
"Pakistan",2000,"480.797"
"Pakistan",2001,"492.366"
"Pakistan",2002,"511.042"
"Pakistan",2003,"556.604"
"Pakistan",2004,"619.626"
"Pakistan",2005,"646.485"
"Pakistan",2006,"681.332"
"Pakistan",2007,"724.411"
"Pakistan",2008,"727.998"
"Pakistan",2009,"737.595"
"Pakistan",2010,"740.760"
"Pakistan",2011,"740.262"
"Pakistan",2012,"687.835"
"Pakistan",2013,"751.742"
"Pakistan",2014,"775.935"
"Pakistan",2015,"815.605"
"Pakistan",2016,"887.290"
"Pakistan",2017,"937.566"
"Pakistan",2018,"967.741"
"Pakistan",2019,"980.543"
"Pakistan",2020,"975.191"
"Pakistan",2021,"1081.543"
"Pakistan",2022,"997.683"
"Palestine",1997,"0"
"Palestine",1998,"0"
"Palestine",1999,"0"
"Palestine",2000,"0"
"Palestine",2001,"0"
"Palestine",2002,"0"
"Palestine",2003,"0"
"Palestine",2004,"0"
"Palestine",2005,"0"
"Palestine",2006,"0"
"Palestine",2007,"0"
"Palestine",2008,"0"
"Palestine",2009,"0"
"Palestine",2010,"0"
"Palestine",2011,"0"
"Palestine",2012,"0"
"Palestine",2013,"0"
"Palestine",2014,"0"
"Palestine",2015,"0"
"Palestine",2016,"0"
"Palestine",2017,"0"
"Palestine",2018,"0"
"Palestine",2019,"0"
"Palestine",2020,"0"
"Palestine",2021,"0"
"Panama",1990,"0"
"Panama",1991,"0"
"Panama",1992,"0"
"Panama",1993,"0"
"Panama",1994,"0"
"Panama",1995,"0"
"Panama",1996,"0"
"Panama",1997,"0"
"Panama",1998,"0"
"Panama",1999,"0"
"Panama",2000,"0"
"Panama",2001,"0"
"Panama",2002,"0"
"Panama",2003,"0"
"Panama",2004,"0"
"Panama",2005,"0"
"Panama",2006,"0"
"Panama",2007,"0"
"Panama",2008,"0"
"Panama",2009,"0"
"Panama",2010,"0"
"Panama",2011,"0"
"Panama",2012,"0"
"Panama",2013,"0"
"Panama",2014,"0"
"Panama",2015,"0"
"Panama",2016,"0"
"Panama",2017,"0"
"Panama",2018,"0"
"Panama",2019,"0"
"Panama",2020,"0"
"Panama",2021,"0"
"Papua New Guinea",1990,"0"
"Papua New Guinea",1991,"0"
"Papua New Guinea",1992,"0"
"Papua New Guinea",1993,"0"
"Papua New Guinea",1994,"0"
"Papua New Guinea",1995,"0"
"Papua New Guinea",1996,"0"
"Papua New Guinea",1997,"0"
"Papua New Guinea",1998,"0"
"Papua New Guinea",1999,"0"
"Papua New Guinea",2000,"0"
"Papua New Guinea",2001,"0"
"Papua New Guinea",2002,"0"
"Papua New Guinea",2003,"0"
"Papua New Guinea",2004,"0"
"Papua New Guinea",2005,"0"
"Papua New Guinea",2006,"0"
"Papua New Guinea",2007,"0"
"Papua New Guinea",2008,"0"
"Papua New Guinea",2009,"0"
"Papua New Guinea",2010,"0"
"Papua New Guinea",2011,"0"
"Papua New Guinea",2012,"0"
"Papua New Guinea",2013,"0"
"Papua New Guinea",2014,"0"
"Papua New Guinea",2015,"0"
"Papua New Guinea",2016,"0"
"Papua New Guinea",2017,"0"
"Papua New Guinea",2018,"0"
"Papua New Guinea",2019,"0"
"Papua New Guinea",2020,"0"
"Papua New Guinea",2021,"0"
"Paraguay",1990,"0"
"Paraguay",1991,"0"
"Paraguay",1992,"0"
"Paraguay",1993,"0"
"Paraguay",1994,"0"
"Paraguay",1995,"0"
"Paraguay",1996,"0"
"Paraguay",1997,"0"
"Paraguay",1998,"0"
"Paraguay",1999,"0"
"Paraguay",2000,"0"
"Paraguay",2001,"0"
"Paraguay",2002,"0"
"Paraguay",2003,"0"
"Paraguay",2004,"0"
"Paraguay",2005,"0"
"Paraguay",2006,"0"
"Paraguay",2007,"0"
"Paraguay",2008,"0"
"Paraguay",2009,"0"
"Paraguay",2010,"0"
"Paraguay",2011,"0"
"Paraguay",2012,"0"
"Paraguay",2013,"0"
"Paraguay",2014,"0"
"Paraguay",2015,"0"
"Paraguay",2016,"0"
"Paraguay",2017,"0"
"Paraguay",2018,"0"
"Paraguay",2019,"0"
"Paraguay",2020,"0"
"Paraguay",2021,"0"
"Peru",1990,"106.583"
"Peru",1991,"105.725"
"Peru",1992,"102.930"
"Peru",1993,"112.606"
"Peru",1994,"122.431"
"Peru",1995,"132.869"
"Peru",1996,"137.000"
"Peru",1997,"134.277"
"Peru",1998,"138.642"
"Peru",1999,"142.190"
"Peru",2000,"146.855"
"Peru",2001,"145.556"
"Peru",2002,"148.983"
"Peru",2003,"147.046"
"Peru",2004,"156.907"
"Peru",2005,"162.620"
"Peru",2006,"164.481"
"Peru",2007,"178.954"
"Peru",2008,"193.176"
"Peru",2009,"196.972"
"Peru",2010,"223.137"
"Peru",2011,"246.401"
"Peru",2012,"254.593"
"Peru",2013,"259.517"
"Peru",2014,"264.708"
"Peru",2015,"278.774"
"Peru",2016,"297.933"
"Peru",2017,"302.201"
"Peru",2018,"316.855"
"Peru",2019,"325.145"
"Peru",2020,"276.222"
"Peru",2021,"314.836"
"Peru",2022,"332.422"
"Philippines",1990,"170.695"
"Philippines",1991,"168.311"
"Philippines",1992,"181.907"
"Philippines",1993,"201.230"
"Philippines",1994,"208.440"
"Philippines",1995,"241.136"
"Philippines",1996,"258.477"
"Philippines",1997,"281.824"
"Philippines",1998,"276.015"
"Philippines",1999,"275.109"
"Philippines",2000,"274.564"
"Philippines",2001,"271.290"
"Philippines",2002,"273.480"
"Philippines",2003,"284.406"
"Philippines",2004,"290.691"
"Philippines",2005,"293.106"
"Philippines",2006,"276.592"
"Philippines",2007,"288.905"
"Philippines",2008,"298.460"
"Philippines",2009,"303.514"
"Philippines",2010,"314.309"
"Philippines",2011,"320.959"
"Philippines",2012,"332.067"
"Philippines",2013,"359.621"
"Philippines",2014,"378.157"
"Philippines",2015,"414.771"
"Philippines",2016,"454.725"
"Philippines",2017,"503.152"
"Philippines",2018,"517.237"
"Philippines",2019,"533.064"
"Philippines",2020,"481.055"
"Philippines",2021,"515.169"
"Philippines",2022,"553.172"
"Poland",1990,"1210.154"
"Poland",1991,"1183.900"
"Poland",1992,"1132.042"
"Poland",1993,"1131.653"
"Poland",1994,"1083.017"
"Poland",1995,"1108.508"
"Poland",1996,"1163.525"
"Poland",1997,"1152.002"
"Poland",1998,"1103.497"
"Poland",1999,"1082.105"
"Poland",2000,"1016.818"
"Poland",2001,"1009.039"
"Poland",2002,"998.215"
"Poland",2003,"1032.755"
"Poland",2004,"1038.504"
"Poland",2005,"1059.523"
"Poland",2006,"1110.619"
"Poland",2007,"1105.658"
"Poland",2008,"1121.765"
"Poland",2009,"1076.934"
"Poland",2010,"1146.050"
"Poland",2011,"1148.667"
"Poland",2012,"1107.018"
"Poland",2013,"1114.424"
"Poland",2014,"1069.095"
"Poland",2015,"1081.225"
"Poland",2016,"1135.287"
"Poland",2017,"1185.189"
"Poland",2018,"1198.733"
"Poland",2019,"1160.223"
"Poland",2020,"1110.106"
"Poland",2021,"1200.156"
"Poland",2022,"1175.486"
"Portugal",1990,"196.253"
"Portugal",1991,"203.359"
"Portugal",1992,"205.292"
"Portugal",1993,"211.281"
"Portugal",1994,"218.842"
"Portugal",1995,"239.933"
"Portugal",1996,"247.590"
"Portugal",1997,"250.949"
"Portugal",1998,"274.086"
"Portugal",1999,"279.903"
"Portugal",2000,"288.958"
"Portugal",2001,"293.076"
"Portugal",2002,"290.443"
"Portugal",2003,"298.665"
"Portugal",2004,"292.353"
"Portugal",2005,"291.493"
"Portugal",2006,"289.116"
"Portugal",2007,"290.516"
"Portugal",2008,"280.318"
"Portugal",2009,"282.072"
"Portugal",2010,"296.219"
"Portugal",2011,"281.150"
"Portugal",2012,"255.974"
"Portugal",2013,"281.539"
"Portugal",2014,"287.414"
"Portugal",2015,"280.794"
"Portugal",2016,"301.254"
"Portugal",2017,"291.045"
"Portugal",2018,"296.938"
"Portugal",2019,"281.659"
"Portugal",2020,"252.859"
"Portugal",2021,"253.115"
"Portugal",2022,"246.026"
"Puerto Rico",1990,"0"
"Puerto Rico",1991,"0"
"Puerto Rico",1992,"0"
"Puerto Rico",1993,"0"
"Puerto Rico",1994,"0"
"Puerto Rico",1995,"0"
"Puerto Rico",1996,"0"
"Puerto Rico",1997,"0"
"Puerto Rico",1998,"0"
"Puerto Rico",1999,"0"
"Puerto Rico",2000,"0"
"Puerto Rico",2001,"0"
"Puerto Rico",2002,"0"
"Puerto Rico",2003,"0"
"Puerto Rico",2004,"0"
"Puerto Rico",2005,"0"
"Puerto Rico",2006,"0"
"Puerto Rico",2007,"0"
"Puerto Rico",2008,"0"
"Puerto Rico",2009,"0"
"Puerto Rico",2010,"0"
"Puerto Rico",2011,"0"
"Puerto Rico",2012,"0"
"Puerto Rico",2013,"0"
"Puerto Rico",2014,"0"
"Puerto Rico",2015,"0"
"Puerto Rico",2016,"0"
"Puerto Rico",2017,"0"
"Puerto Rico",2018,"0"
"Puerto Rico",2019,"0"
"Puerto Rico",2020,"0"
"Puerto Rico",2021,"0"
"Qatar",1990,"78.838"
"Qatar",1991,"90.812"
"Qatar",1992,"144.286"
"Qatar",1993,"154.293"
"Qatar",1994,"156.527"
"Qatar",1995,"155.991"
"Qatar",1996,"114.897"
"Qatar",1997,"125.368"
"Qatar",1998,"134.988"
"Qatar",1999,"150.268"
"Qatar",2000,"134.199"
"Qatar",2001,"128.971"
"Qatar",2002,"142.028"
"Qatar",2003,"162.936"
"Qatar",2004,"196.870"
"Qatar",2005,"222.861"
"Qatar",2006,"234.273"
"Qatar",2007,"255.350"
"Qatar",2008,"283.082"
"Qatar",2009,"287.013"
"Qatar",2010,"333.867"
"Qatar",2011,"390.365"
"Qatar",2012,"442.688"
"Qatar",2013,"480.514"
"Qatar",2014,"519.053"
"Qatar",2015,"591.847"
"Qatar",2016,"578.977"
"Qatar",2017,"560.624"
"Qatar",2018,"560.031"
"Qatar",2019,"583.590"
"Qatar",2020,"507.689"
"Qatar",2021,"535.659"
"Qatar",2022,"523.025"
"Reunion",1990,"0"
"Reunion",1991,"0"
"Reunion",1992,"0"
"Reunion",1993,"0"
"Reunion",1994,"0"
"Reunion",1995,"0"
"Reunion",1996,"0"
"Reunion",1997,"0"
"Reunion",1998,"0"
"Reunion",1999,"0"
"Reunion",2000,"0"
"Reunion",2001,"0"
"Reunion",2002,"0"
"Reunion",2003,"0"
"Reunion",2004,"0"
"Reunion",2005,"0"
"Reunion",2006,"0"
"Reunion",2007,"0"
"Reunion",2008,"0"
"Reunion",2009,"0"
"Reunion",2010,"0"
"Reunion",2011,"0"
"Reunion",2012,"0"
"Reunion",2013,"0"
"Reunion",2014,"0"
"Reunion",2015,"0"
"Reunion",2016,"0"
"Reunion",2017,"0"
"Reunion",2018,"0"
"Reunion",2019,"0"
"Reunion",2020,"0"
"Reunion",2021,"0"
"Romania",1990,"735.212"
"Romania",1991,"624.445"
"Romania",1992,"550.668"
"Romania",1993,"535.219"
"Romania",1994,"504.851"
"Romania",1995,"554.802"
"Romania",1996,"551.402"
"Romania",1997,"523.291"
"Romania",1998,"478.810"
"Romania",1999,"421.170"
"Romania",2000,"420.331"
"Romania",2001,"425.106"
"Romania",2002,"441.297"
"Romania",2003,"441.234"
"Romania",2004,"457.312"
"Romania",2005,"458.277"
"Romania",2006,"467.609"
"Romania",2007,"451.080"
"Romania",2008,"452.370"
"Romania",2009,"395.274"
"Romania",2010,"398.579"
"Romania",2011,"408.042"
"Romania",2012,"392.283"
"Romania",2013,"365.817"
"Romania",2014,"378.895"
"Romania",2015,"380.791"
"Romania",2016,"380.875"
"Romania",2017,"387.321"
"Romania",2018,"395.026"
"Romania",2019,"385.733"
"Romania",2020,"367.632"
"Romania",2021,"385.177"
"Romania",2022,"358.661"
"Russia",1990,"10075.905"
"Russia",1991,"9938.446"
"Russia",1992,"9566.430"
"Russia",1993,"8918.949"
"Russia",1994,"8138.240"
"Russia",1995,"7701.856"
"Russia",1996,"7413.030"
"Russia",1997,"7010.834"
"Russia",1998,"6997.772"
"Russia",1999,"7086.362"
"Russia",2000,"7213.859"
"Russia",2001,"7327.937"
"Russia",2002,"7297.968"
"Russia",2003,"7447.431"
"Russia",2004,"7512.826"
"Russia",2005,"7502.644"
"Russia",2006,"7835.535"
"Russia",2007,"7877.014"
"Russia",2008,"7913.295"
"Russia",2009,"7520.841"
"Russia",2010,"7813.129"
"Russia",2011,"8079.135"
"Russia",2012,"8127.080"
"Russia",2013,"8031.325"
"Russia",2014,"8056.088"
"Russia",2015,"7929.294"
"Russia",2016,"8091.462"
"Russia",2017,"8140.279"
"Russia",2018,"8440.424"
"Russia",2019,"8376.736"
"Russia",2020,"8072.971"
"Russia",2021,"8743.168"
"Russia",2022,"8023.344"
"Rwanda",1990,"0"
"Rwanda",1991,"0"
"Rwanda",1992,"0"
"Rwanda",1993,"0"
"Rwanda",1994,"0"
"Rwanda",1995,"0"
"Rwanda",1996,"0"
"Rwanda",1997,"0"
"Rwanda",1998,"0"
"Rwanda",1999,"0"
"Rwanda",2000,"0"
"Rwanda",2001,"0"
"Rwanda",2002,"0"
"Rwanda",2003,"0"
"Rwanda",2004,"0"
"Rwanda",2005,"0"
"Rwanda",2006,"0"
"Rwanda",2007,"0"
"Rwanda",2008,"0"
"Rwanda",2009,"0"
"Rwanda",2010,"0"
"Rwanda",2011,"0"
"Rwanda",2012,"0"
"Rwanda",2013,"0"
"Rwanda",2014,"0"
"Rwanda",2015,"0"
"Rwanda",2016,"0"
"Rwanda",2017,"0"
"Rwanda",2018,"0"
"Rwanda",2019,"0"
"Rwanda",2020,"0"
"Rwanda",2021,"0"
"Saint Helena",1990,"0"
"Saint Helena",1991,"0"
"Saint Helena",1992,"0"
"Saint Helena",1993,"0"
"Saint Helena",1994,"0"
"Saint Helena",1995,"0"
"Saint Helena",1996,"0"
"Saint Helena",1997,"0"
"Saint Helena",1998,"0"
"Saint Helena",1999,"0"
"Saint Helena",2000,"0"
"Saint Helena",2001,"0"
"Saint Helena",2002,"0"
"Saint Helena",2003,"0"
"Saint Helena",2004,"0"
"Saint Helena",2005,"0"
"Saint Helena",2006,"0"
"Saint Helena",2007,"0"
"Saint Helena",2008,"0"
"Saint Helena",2009,"0"
"Saint Helena",2010,"0"
"Saint Helena",2011,"0"
"Saint Helena",2012,"0"
"Saint Helena",2013,"0"
"Saint Helena",2014,"0"
"Saint Helena",2015,"0"
"Saint Helena",2016,"0"
"Saint Helena",2017,"0"
"Saint Helena",2018,"0"
"Saint Helena",2019,"0"
"Saint Helena",2020,"0"
"Saint Helena",2021,"0"
"Saint Kitts and Nevis",1990,"0"
"Saint Kitts and Nevis",1991,"0"
"Saint Kitts and Nevis",1992,"0"
"Saint Kitts and Nevis",1993,"0"
"Saint Kitts and Nevis",1994,"0"
"Saint Kitts and Nevis",1995,"0"
"Saint Kitts and Nevis",1996,"0"
"Saint Kitts and Nevis",1997,"0"
"Saint Kitts and Nevis",1998,"0"
"Saint Kitts and Nevis",1999,"0"
"Saint Kitts and Nevis",2000,"0"
"Saint Kitts and Nevis",2001,"0"
"Saint Kitts and Nevis",2002,"0"
"Saint Kitts and Nevis",2003,"0"
"Saint Kitts and Nevis",2004,"0"
"Saint Kitts and Nevis",2005,"0"
"Saint Kitts and Nevis",2006,"0"
"Saint Kitts and Nevis",2007,"0"
"Saint Kitts and Nevis",2008,"0"
"Saint Kitts and Nevis",2009,"0"
"Saint Kitts and Nevis",2010,"0"
"Saint Kitts and Nevis",2011,"0"
"Saint Kitts and Nevis",2012,"0"
"Saint Kitts and Nevis",2013,"0"
"Saint Kitts and Nevis",2014,"0"
"Saint Kitts and Nevis",2015,"0"
"Saint Kitts and Nevis",2016,"0"
"Saint Kitts and Nevis",2017,"0"
"Saint Kitts and Nevis",2018,"0"
"Saint Kitts and Nevis",2019,"0"
"Saint Kitts and Nevis",2020,"0"
"Saint Kitts and Nevis",2021,"0"
"Saint Lucia",1990,"0"
"Saint Lucia",1991,"0"
"Saint Lucia",1992,"0"
"Saint Lucia",1993,"0"
"Saint Lucia",1994,"0"
"Saint Lucia",1995,"0"
"Saint Lucia",1996,"0"
"Saint Lucia",1997,"0"
"Saint Lucia",1998,"0"
"Saint Lucia",1999,"0"
"Saint Lucia",2000,"0"
"Saint Lucia",2001,"0"
"Saint Lucia",2002,"0"
"Saint Lucia",2003,"0"
"Saint Lucia",2004,"0"
"Saint Lucia",2005,"0"
"Saint Lucia",2006,"0"
"Saint Lucia",2007,"0"
"Saint Lucia",2008,"0"
"Saint Lucia",2009,"0"
"Saint Lucia",2010,"0"
"Saint Lucia",2011,"0"
"Saint Lucia",2012,"0"
"Saint Lucia",2013,"0"
"Saint Lucia",2014,"0"
"Saint Lucia",2015,"0"
"Saint Lucia",2016,"0"
"Saint Lucia",2017,"0"
"Saint Lucia",2018,"0"
"Saint Lucia",2019,"0"
"Saint Lucia",2020,"0"
"Saint Lucia",2021,"0"
"Saint Pierre and Miquelon",1990,"0"
"Saint Pierre and Miquelon",1991,"0"
"Saint Pierre and Miquelon",1992,"0"
"Saint Pierre and Miquelon",1993,"0"
"Saint Pierre and Miquelon",1994,"0"
"Saint Pierre and Miquelon",1995,"0"
"Saint Pierre and Miquelon",1996,"0"
"Saint Pierre and Miquelon",1997,"0"
"Saint Pierre and Miquelon",1998,"0"
"Saint Pierre and Miquelon",1999,"0"
"Saint Pierre and Miquelon",2000,"0"
"Saint Pierre and Miquelon",2001,"0"
"Saint Pierre and Miquelon",2002,"0"
"Saint Pierre and Miquelon",2003,"0"
"Saint Pierre and Miquelon",2004,"0"
"Saint Pierre and Miquelon",2005,"0"
"Saint Pierre and Miquelon",2006,"0"
"Saint Pierre and Miquelon",2007,"0"
"Saint Pierre and Miquelon",2008,"0"
"Saint Pierre and Miquelon",2009,"0"
"Saint Pierre and Miquelon",2010,"0"
"Saint Pierre and Miquelon",2011,"0"
"Saint Pierre and Miquelon",2012,"0"
"Saint Pierre and Miquelon",2013,"0"
"Saint Pierre and Miquelon",2014,"0"
"Saint Pierre and Miquelon",2015,"0"
"Saint Pierre and Miquelon",2016,"0"
"Saint Pierre and Miquelon",2017,"0"
"Saint Pierre and Miquelon",2018,"0"
"Saint Pierre and Miquelon",2019,"0"
"Saint Pierre and Miquelon",2020,"0"
"Saint Pierre and Miquelon",2021,"0"
"Saint Vincent and the Grenadines",1990,"0"
"Saint Vincent and the Grenadines",1991,"0"
"Saint Vincent and the Grenadines",1992,"0"
"Saint Vincent and the Grenadines",1993,"0"
"Saint Vincent and the Grenadines",1994,"0"
"Saint Vincent and the Grenadines",1995,"0"
"Saint Vincent and the Grenadines",1996,"0"
"Saint Vincent and the Grenadines",1997,"0"
"Saint Vincent and the Grenadines",1998,"0"
"Saint Vincent and the Grenadines",1999,"0"
"Saint Vincent and the Grenadines",2000,"0"
"Saint Vincent and the Grenadines",2001,"0"
"Saint Vincent and the Grenadines",2002,"0"
"Saint Vincent and the Grenadines",2003,"0"
"Saint Vincent and the Grenadines",2004,"0"
"Saint Vincent and the Grenadines",2005,"0"
"Saint Vincent and the Grenadines",2006,"0"
"Saint Vincent and the Grenadines",2007,"0"
"Saint Vincent and the Grenadines",2008,"0"
"Saint Vincent and the Grenadines",2009,"0"
"Saint Vincent and the Grenadines",2010,"0"
"Saint Vincent and the Grenadines",2011,"0"
"Saint Vincent and the Grenadines",2012,"0"
"Saint Vincent and the Grenadines",2013,"0"
"Saint Vincent and the Grenadines",2014,"0"
"Saint Vincent and the Grenadines",2015,"0"
"Saint Vincent and the Grenadines",2016,"0"
"Saint Vincent and the Grenadines",2017,"0"
"Saint Vincent and the Grenadines",2018,"0"
"Saint Vincent and the Grenadines",2019,"0"
"Saint Vincent and the Grenadines",2020,"0"
"Saint Vincent and the Grenadines",2021,"0"
"Samoa",1990,"0"
"Samoa",1991,"0"
"Samoa",1992,"0"
"Samoa",1993,"0"
"Samoa",1994,"0"
"Samoa",1995,"0"
"Samoa",1996,"0"
"Samoa",1997,"0"
"Samoa",1998,"0"
"Samoa",1999,"0"
"Samoa",2000,"0"
"Samoa",2001,"0"
"Samoa",2002,"0"
"Samoa",2003,"0"
"Samoa",2004,"0"
"Samoa",2005,"0"
"Samoa",2006,"0"
"Samoa",2007,"0"
"Samoa",2008,"0"
"Samoa",2009,"0"
"Samoa",2010,"0"
"Samoa",2011,"0"
"Samoa",2012,"0"
"Samoa",2013,"0"
"Samoa",2014,"0"
"Samoa",2015,"0"
"Samoa",2016,"0"
"Samoa",2017,"0"
"Samoa",2018,"0"
"Samoa",2019,"0"
"Samoa",2020,"0"
"Samoa",2021,"0"
"Sao Tome and Principe",1990,"0"
"Sao Tome and Principe",1991,"0"
"Sao Tome and Principe",1992,"0"
"Sao Tome and Principe",1993,"0"
"Sao Tome and Principe",1994,"0"
"Sao Tome and Principe",1995,"0"
"Sao Tome and Principe",1996,"0"
"Sao Tome and Principe",1997,"0"
"Sao Tome and Principe",1998,"0"
"Sao Tome and Principe",1999,"0"
"Sao Tome and Principe",2000,"0"
"Sao Tome and Principe",2001,"0"
"Sao Tome and Principe",2002,"0"
"Sao Tome and Principe",2003,"0"
"Sao Tome and Principe",2004,"0"
"Sao Tome and Principe",2005,"0"
"Sao Tome and Principe",2006,"0"
"Sao Tome and Principe",2007,"0"
"Sao Tome and Principe",2008,"0"
"Sao Tome and Principe",2009,"0"
"Sao Tome and Principe",2010,"0"
"Sao Tome and Principe",2011,"0"
"Sao Tome and Principe",2012,"0"
"Sao Tome and Principe",2013,"0"
"Sao Tome and Principe",2014,"0"
"Sao Tome and Principe",2015,"0"
"Sao Tome and Principe",2016,"0"
"Sao Tome and Principe",2017,"0"
"Sao Tome and Principe",2018,"0"
"Sao Tome and Principe",2019,"0"
"Sao Tome and Principe",2020,"0"
"Sao Tome and Principe",2021,"0"
"Saudi Arabia",1990,"928.337"
"Saudi Arabia",1991,"972.452"
"Saudi Arabia",1992,"981.756"
"Saudi Arabia",1993,"1002.850"
"Saudi Arabia",1994,"1159.580"
"Saudi Arabia",1995,"1130.006"
"Saudi Arabia",1996,"1168.553"
"Saudi Arabia",1997,"1190.249"
"Saudi Arabia",1998,"1252.577"
"Saudi Arabia",1999,"1275.430"
"Saudi Arabia",2000,"1334.880"
"Saudi Arabia",2001,"1422.333"
"Saudi Arabia",2002,"1481.383"
"Saudi Arabia",2003,"1569.191"
"Saudi Arabia",2004,"1702.448"
"Saudi Arabia",2005,"1811.106"
"Saudi Arabia",2006,"1900.171"
"Saudi Arabia",2007,"1944.057"
"Saudi Arabia",2008,"2128.464"
"Saudi Arabia",2009,"2205.138"
"Saudi Arabia",2010,"2451.106"
"Saudi Arabia",2011,"2557.291"
"Saudi Arabia",2012,"2714.210"
"Saudi Arabia",2013,"2731.221"
"Saudi Arabia",2014,"2931.717"
"Saudi Arabia",2015,"3056.625"
"Saudi Arabia",2016,"3179.844"
"Saudi Arabia",2017,"3181.820"
"Saudi Arabia",2018,"3101.677"
"Saudi Arabia",2019,"2973.287"
"Saudi Arabia",2020,"2890.927"
"Saudi Arabia",2021,"2987.547"
"Saudi Arabia",2022,"3193.319"
"Senegal",1990,"0"
"Senegal",1991,"0"
"Senegal",1992,"0"
"Senegal",1993,"0"
"Senegal",1994,"0"
"Senegal",1995,"0"
"Senegal",1996,"0"
"Senegal",1997,"0"
"Senegal",1998,"0"
"Senegal",1999,"0"
"Senegal",2000,"0"
"Senegal",2001,"0"
"Senegal",2002,"0"
"Senegal",2003,"0"
"Senegal",2004,"0"
"Senegal",2005,"0"
"Senegal",2006,"0"
"Senegal",2007,"0"
"Senegal",2008,"0"
"Senegal",2009,"0"
"Senegal",2010,"0"
"Senegal",2011,"0"
"Senegal",2012,"0"
"Senegal",2013,"0"
"Senegal",2014,"0"
"Senegal",2015,"0"
"Senegal",2016,"0"
"Senegal",2017,"0"
"Senegal",2018,"0"
"Senegal",2019,"0"
"Senegal",2020,"0"
"Senegal",2021,"0"
"Serbia",1990,"0"
"Serbia",1991,"0"
"Serbia",1992,"0"
"Serbia",1993,"0"
"Serbia",1994,"0"
"Serbia",1995,"0"
"Serbia",1996,"0"
"Serbia",1997,"0"
"Serbia",1998,"0"
"Serbia",1999,"0"
"Serbia",2000,"0"
"Serbia",2001,"0"
"Serbia",2002,"0"
"Serbia",2003,"0"
"Serbia",2004,"0"
"Serbia",2005,"0"
"Serbia",2006,"0"
"Serbia",2007,"0"
"Serbia",2008,"0"
"Serbia",2009,"0"
"Serbia",2010,"0"
"Serbia",2011,"0"
"Serbia",2012,"0"
"Serbia",2013,"0"
"Serbia",2014,"0"
"Serbia",2015,"0"
"Serbia",2016,"0"
"Serbia",2017,"0"
"Serbia",2018,"0"
"Serbia",2019,"0"
"Serbia",2020,"0"
"Serbia",2021,"0"
"Serbia",2022,"0"
"Seychelles",1990,"0"
"Seychelles",1991,"0"
"Seychelles",1992,"0"
"Seychelles",1993,"0"
"Seychelles",1994,"0"
"Seychelles",1995,"0"
"Seychelles",1996,"0"
"Seychelles",1997,"0"
"Seychelles",1998,"0"
"Seychelles",1999,"0"
"Seychelles",2000,"0"
"Seychelles",2001,"0"
"Seychelles",2002,"0"
"Seychelles",2003,"0"
"Seychelles",2004,"0"
"Seychelles",2005,"0"
"Seychelles",2006,"0"
"Seychelles",2007,"0"
"Seychelles",2008,"0"
"Seychelles",2009,"0"
"Seychelles",2010,"0"
"Seychelles",2011,"0"
"Seychelles",2012,"0"
"Seychelles",2013,"0"
"Seychelles",2014,"0"
"Seychelles",2015,"0"
"Seychelles",2016,"0"
"Seychelles",2017,"0"
"Seychelles",2018,"0"
"Seychelles",2019,"0"
"Seychelles",2020,"0"
"Seychelles",2021,"0"
"Sierra Leone",1990,"0"
"Sierra Leone",1991,"0"
"Sierra Leone",1992,"0"
"Sierra Leone",1993,"0"
"Sierra Leone",1994,"0"
"Sierra Leone",1995,"0"
"Sierra Leone",1996,"0"
"Sierra Leone",1997,"0"
"Sierra Leone",1998,"0"
"Sierra Leone",1999,"0"
"Sierra Leone",2000,"0"
"Sierra Leone",2001,"0"
"Sierra Leone",2002,"0"
"Sierra Leone",2003,"0"
"Sierra Leone",2004,"0"
"Sierra Leone",2005,"0"
"Sierra Leone",2006,"0"
"Sierra Leone",2007,"0"
"Sierra Leone",2008,"0"
"Sierra Leone",2009,"0"
"Sierra Leone",2010,"0"
"Sierra Leone",2011,"0"
"Sierra Leone",2012,"0"
"Sierra Leone",2013,"0"
"Sierra Leone",2014,"0"
"Sierra Leone",2015,"0"
"Sierra Leone",2016,"0"
"Sierra Leone",2017,"0"
"Sierra Leone",2018,"0"
"Sierra Leone",2019,"0"
"Sierra Leone",2020,"0"
"Sierra Leone",2021,"0"
"Singapore",1990,"272.832"
"Singapore",1991,"277.533"
"Singapore",1992,"297.806"
"Singapore",1993,"325.430"
"Singapore",1994,"372.301"
"Singapore",1995,"388.159"
"Singapore",1996,"391.695"
"Singapore",1997,"412.019"
"Singapore",1998,"417.727"
"Singapore",1999,"413.544"
"Singapore",2000,"442.232"
"Singapore",2001,"499.210"
"Singapore",2002,"480.730"
"Singapore",2003,"452.694"
"Singapore",2004,"507.770"
"Singapore",2005,"535.264"
"Singapore",2006,"589.468"
"Singapore",2007,"633.831"
"Singapore",2008,"675.981"
"Singapore",2009,"726.644"
"Singapore",2010,"771.442"
"Singapore",2011,"800.622"
"Singapore",2012,"802.305"
"Singapore",2013,"810.238"
"Singapore",2014,"825.926"
"Singapore",2015,"875.810"
"Singapore",2016,"924.192"
"Singapore",2017,"947.523"
"Singapore",2018,"948.400"
"Singapore",2019,"928.325"
"Singapore",2020,"909.450"
"Singapore",2021,"908.588"
"Singapore",2022,"875.731"
"Slovakia",1990,"248.353"
"Slovakia",1991,"222.189"
"Slovakia",1992,"213.743"
"Slovakia",1993,"209.976"
"Slovakia",1994,"206.845"
"Slovakia",1995,"209.749"
"Slovakia",1996,"211.202"
"Slovakia",1997,"207.321"
"Slovakia",1998,"209.521"
"Slovakia",1999,"211.295"
"Slovakia",2000,"218.248"
"Slovakia",2001,"224.066"
"Slovakia",2002,"225.942"
"Slovakia",2003,"219.568"
"Slovakia",2004,"214.979"
"Slovakia",2005,"226.166"
"Slovakia",2006,"218.908"
"Slovakia",2007,"205.117"
"Slovakia",2008,"210.558"
"Slovakia",2009,"190.603"
"Slovakia",2010,"203.388"
"Slovakia",2011,"195.077"
"Slovakia",2012,"186.890"
"Slovakia",2013,"191.680"
"Slovakia",2014,"176.596"
"Slovakia",2015,"177.686"
"Slovakia",2016,"179.219"
"Slovakia",2017,"189.179"
"Slovakia",2018,"186.108"
"Slovakia",2019,"179.445"
"Slovakia",2020,"175.785"
"Slovakia",2021,"189.337"
"Slovakia",2022,"184.504"
"Slovenia",1990,"69.298"
"Slovenia",1991,"69.409"
"Slovenia",1992,"64.881"
"Slovenia",1993,"66.657"
"Slovenia",1994,"70.950"
"Slovenia",1995,"74.497"
"Slovenia",1996,"78.157"
"Slovenia",1997,"79.932"
"Slovenia",1998,"80.156"
"Slovenia",1999,"79.229"
"Slovenia",2000,"78.403"
"Slovenia",2001,"81.963"
"Slovenia",2002,"81.449"
"Slovenia",2003,"79.824"
"Slovenia",2004,"84.793"
"Slovenia",2005,"84.836"
"Slovenia",2006,"85.637"
"Slovenia",2007,"85.136"
"Slovenia",2008,"92.714"
"Slovenia",2009,"85.891"
"Slovenia",2010,"85.954"
"Slovenia",2011,"83.331"
"Slovenia",2012,"80.906"
"Slovenia",2013,"80.050"
"Slovenia",2014,"82.145"
"Slovenia",2015,"73.975"
"Slovenia",2016,"79.076"
"Slovenia",2017,"79.901"
"Slovenia",2018,"81.610"
"Slovenia",2019,"79.275"
"Slovenia",2020,"76.500"
"Slovenia",2021,"75.775"
"Slovenia",2022,"72.062"
"Solomon Islands",1990,"0"
"Solomon Islands",1991,"0"
"Solomon Islands",1992,"0"
"Solomon Islands",1993,"0"
"Solomon Islands",1994,"0"
"Solomon Islands",1995,"0"
"Solomon Islands",1996,"0"
"Solomon Islands",1997,"0"
"Solomon Islands",1998,"0"
"Solomon Islands",1999,"0"
"Solomon Islands",2000,"0"
"Solomon Islands",2001,"0"
"Solomon Islands",2002,"0"
"Solomon Islands",2003,"0"
"Solomon Islands",2004,"0"
"Solomon Islands",2005,"0"
"Solomon Islands",2006,"0"
"Solomon Islands",2007,"0"
"Solomon Islands",2008,"0"
"Solomon Islands",2009,"0"
"Solomon Islands",2010,"0"
"Solomon Islands",2011,"0"
"Solomon Islands",2012,"0"
"Solomon Islands",2013,"0"
"Solomon Islands",2014,"0"
"Solomon Islands",2015,"0"
"Solomon Islands",2016,"0"
"Solomon Islands",2017,"0"
"Solomon Islands",2018,"0"
"Solomon Islands",2019,"0"
"Solomon Islands",2020,"0"
"Solomon Islands",2021,"0"
"Somalia",1990,"0"
"Somalia",1991,"0"
"Somalia",1992,"0"
"Somalia",1993,"0"
"Somalia",1994,"0"
"Somalia",1995,"0"
"Somalia",1996,"0"
"Somalia",1997,"0"
"Somalia",1998,"0"
"Somalia",1999,"0"
"Somalia",2000,"0"
"Somalia",2001,"0"
"Somalia",2002,"0"
"Somalia",2003,"0"
"Somalia",2004,"0"
"Somalia",2005,"0"
"Somalia",2006,"0"
"Somalia",2007,"0"
"Somalia",2008,"0"
"Somalia",2009,"0"
"Somalia",2010,"0"
"Somalia",2011,"0"
"Somalia",2012,"0"
"Somalia",2013,"0"
"Somalia",2014,"0"
"Somalia",2015,"0"
"Somalia",2016,"0"
"Somalia",2017,"0"
"Somalia",2018,"0"
"Somalia",2019,"0"
"Somalia",2020,"0"
"Somalia",2021,"0"
"South Africa",1990,"1029.670"
"South Africa",1991,"1022.249"
"South Africa",1992,"1027.039"
"South Africa",1993,"1025.258"
"South Africa",1994,"1069.309"
"South Africa",1995,"1117.516"
"South Africa",1996,"1139.571"
"South Africa",1997,"1165.077"
"South Africa",1998,"1144.288"
"South Africa",1999,"1183.116"
"South Africa",2000,"1183.858"
"South Africa",2001,"1190.186"
"South Africa",2002,"1159.656"
"South Africa",2003,"1256.652"
"South Africa",2004,"1371.554"
"South Africa",2005,"1298.020"
"South Africa",2006,"1324.766"
"South Africa",2007,"1360.819"
"South Africa",2008,"1458.241"
"South Africa",2009,"1451.779"
"South Africa",2010,"1461.534"
"South Africa",2011,"1443.642"
"South Africa",2012,"1421.354"
"South Africa",2013,"1427.480"
"South Africa",2014,"1444.348"
"South Africa",2015,"1415.602"
"South Africa",2016,"1479.264"
"South Africa",2017,"1473.336"
"South Africa",2018,"1417.327"
"South Africa",2019,"1480.495"
"South Africa",2020,"1384.523"
"South Africa",2021,"1387.955"
"South Africa",2022,"1337.308"
"South Korea",1990,"1066.036"
"South Korea",1991,"1205.615"
"South Korea",1992,"1359.715"
"South Korea",1993,"1491.081"
"South Korea",1994,"1607.975"
"South Korea",1995,"1756.141"
"South Korea",1996,"1939.147"
"South Korea",1997,"2130.875"
"South Korea",1998,"1948.538"
"South Korea",1999,"2123.290"
"South Korea",2000,"2245.660"
"South Korea",2001,"2299.838"
"South Korea",2002,"2405.519"
"South Korea",2003,"2482.698"
"South Korea",2004,"2540.419"
"South Korea",2005,"2626.631"
"South Korea",2006,"2669.811"
"South Korea",2007,"2749.303"
"South Korea",2008,"2794.128"
"South Korea",2009,"2809.869"
"South Korea",2010,"3035.883"
"South Korea",2011,"3175.745"
"South Korea",2012,"3212.268"
"South Korea",2013,"3221.835"
"South Korea",2014,"3241.122"
"South Korea",2015,"3295.227"
"South Korea",2016,"3391.978"
"South Korea",2017,"3422.237"
"South Korea",2018,"3474.691"
"South Korea",2019,"3431.736"
"South Korea",2020,"3302.166"
"South Korea",2021,"3451.753"
"South Korea",2022,"3474.663"
"South Sudan",2012,"0"
"South Sudan",2013,"0"
"South Sudan",2014,"0"
"South Sudan",2015,"0"
"South Sudan",2016,"0"
"South Sudan",2017,"0"
"South Sudan",2018,"0"
"South Sudan",2019,"0"
"South Sudan",2020,"0"
"South Sudan",2021,"0"
"South Sudan",2022,"0"
"Spain",1990,"1067.024"
"Spain",1991,"1104.788"
"Spain",1992,"1157.293"
"Spain",1993,"1119.654"
"Spain",1994,"1172.652"
"Spain",1995,"1216.181"
"Spain",1996,"1263.110"
"Spain",1997,"1331.775"
"Spain",1998,"1395.994"
"Spain",1999,"1438.200"
"Spain",2000,"1522.871"
"Spain",2001,"1592.648"
"Spain",2002,"1606.821"
"Spain",2003,"1696.705"
"Spain",2004,"1758.700"
"Spain",2005,"1772.978"
"Spain",2006,"1798.345"
"Spain",2007,"1837.576"
"Spain",2008,"1785.425"
"Spain",2009,"1653.924"
"Spain",2010,"1697.695"
"Spain",2011,"1663.216"
"Spain",2012,"1652.439"
"Spain",2013,"1568.003"
"Spain",2014,"1538.269"
"Spain",2015,"1556.562"
"Spain",2016,"1571.892"
"Spain",2017,"1588.708"
"Spain",2018,"1617.366"
"Spain",2019,"1573.390"
"Spain",2020,"1419.855"
"Spain",2021,"1520.932"
"Spain",2022,"1576.941"
"Sri Lanka",1990,"29.887"
"Sri Lanka",1991,"29.827"
"Sri Lanka",1992,"31.999"
"Sri Lanka",1993,"34.901"
"Sri Lanka",1994,"37.809"
"Sri Lanka",1995,"40.738"
"Sri Lanka",1996,"42.855"
"Sri Lanka",1997,"44.234"
"Sri Lanka",1998,"47.155"
"Sri Lanka",1999,"50.719"
"Sri Lanka",2000,"53.547"
"Sri Lanka",2001,"52.033"
"Sri Lanka",2002,"53.510"
"Sri Lanka",2003,"55.062"
"Sri Lanka",2004,"53.506"
"Sri Lanka",2005,"61.778"
"Sri Lanka",2006,"66.329"
"Sri Lanka",2007,"67.437"
"Sri Lanka",2008,"63.557"
"Sri Lanka",2009,"64.387"
"Sri Lanka",2010,"69.513"
"Sri Lanka",2011,"75.478"
"Sri Lanka",2012,"77.881"
"Sri Lanka",2013,"79.129"
"Sri Lanka",2014,"84.989"
"Sri Lanka",2015,"95.340"
"Sri Lanka",2016,"104.287"
"Sri Lanka",2017,"101.434"
"Sri Lanka",2018,"104.968"
"Sri Lanka",2019,"107.302"
"Sri Lanka",2020,"105.073"
"Sri Lanka",2021,"106.043"
"Sri Lanka",2022,"94.607"
"Sudan",1990,"0"
"Sudan",1991,"0"
"Sudan",1992,"0"
"Sudan",1993,"0"
"Sudan",1994,"0"
"Sudan",1995,"0"
"Sudan",1996,"0"
"Sudan",1997,"0"
"Sudan",1998,"0"
"Sudan",1999,"0"
"Sudan",2000,"0"
"Sudan",2001,"0"
"Sudan",2002,"0"
"Sudan",2003,"0"
"Sudan",2004,"0"
"Sudan",2005,"0"
"Sudan",2006,"0"
"Sudan",2007,"0"
"Sudan",2008,"0"
"Sudan",2009,"0"
"Sudan",2010,"0"
"Sudan",2011,"0"
"Sudan",2012,"0"
"Sudan",2013,"0"
"Sudan",2014,"0"
"Sudan",2015,"0"
"Sudan",2016,"0"
"Sudan",2017,"0"
"Sudan",2018,"0"
"Sudan",2019,"0"
"Sudan",2020,"0"
"Sudan",2021,"0"
"Sudan",2022,"0"
"Suriname",1990,"0"
"Suriname",1991,"0"
"Suriname",1992,"0"
"Suriname",1993,"0"
"Suriname",1994,"0"
"Suriname",1995,"0"
"Suriname",1996,"0"
"Suriname",1997,"0"
"Suriname",1998,"0"
"Suriname",1999,"0"
"Suriname",2000,"0"
"Suriname",2001,"0"
"Suriname",2002,"0"
"Suriname",2003,"0"
"Suriname",2004,"0"
"Suriname",2005,"0"
"Suriname",2006,"0"
"Suriname",2007,"0"
"Suriname",2008,"0"
"Suriname",2009,"0"
"Suriname",2010,"0"
"Suriname",2011,"0"
"Suriname",2012,"0"
"Suriname",2013,"0"
"Suriname",2014,"0"
"Suriname",2015,"0"
"Suriname",2016,"0"
"Suriname",2017,"0"
"Suriname",2018,"0"
"Suriname",2019,"0"
"Suriname",2020,"0"
"Suriname",2021,"0"
"Sweden",1990,"676.109"
"Sweden",1991,"641.156"
"Sweden",1992,"645.550"
"Sweden",1993,"638.026"
"Sweden",1994,"637.923"
"Sweden",1995,"644.922"
"Sweden",1996,"627.232"
"Sweden",1997,"647.507"
"Sweden",1998,"701.460"
"Sweden",1999,"681.064"
"Sweden",2000,"626.388"
"Sweden",2001,"673.832"
"Sweden",2002,"628.684"
"Sweden",2003,"600.784"
"Sweden",2004,"639.656"
"Sweden",2005,"656.074"
"Sweden",2006,"613.066"
"Sweden",2007,"618.081"
"Sweden",2008,"607.234"
"Sweden",2009,"550.167"
"Sweden",2010,"584.834"
"Sweden",2011,"577.891"
"Sweden",2012,"613.521"
"Sweden",2013,"574.725"
"Sweden",2014,"574.313"
"Sweden",2015,"594.787"
"Sweden",2016,"581.244"
"Sweden",2017,"599.317"
"Sweden",2018,"586.819"
"Sweden",2019,"608.177"
"Sweden",2020,"580.192"
"Sweden",2021,"588.217"
"Sweden",2022,"589.629"
"Switzerland",1990,"330.227"
"Switzerland",1991,"339.180"
"Switzerland",1992,"344.506"
"Switzerland",1993,"343.907"
"Switzerland",1994,"361.221"
"Switzerland",1995,"342.163"
"Switzerland",1996,"330.331"
"Switzerland",1997,"353.216"
"Switzerland",1998,"355.126"
"Switzerland",1999,"371.035"
"Switzerland",2000,"361.678"
"Switzerland",2001,"386.331"
"Switzerland",2002,"359.343"
"Switzerland",2003,"355.391"
"Switzerland",2004,"350.064"
"Switzerland",2005,"335.540"
"Switzerland",2006,"348.914"
"Switzerland",2007,"344.830"
"Switzerland",2008,"356.265"
"Switzerland",2009,"355.234"
"Switzerland",2010,"345.721"
"Switzerland",2011,"327.611"
"Switzerland",2012,"346.055"
"Switzerland",2013,"354.916"
"Switzerland",2014,"338.394"
"Switzerland",2015,"330.985"
"Switzerland",2016,"310.614"
"Switzerland",2017,"310.981"
"Switzerland",2018,"316.014"
"Switzerland",2019,"329.846"
"Switzerland",2020,"302.690"
"Switzerland",2021,"292.326"
"Switzerland",2022,"284.102"
"Syria",1990,"0"
"Syria",1991,"0"
"Syria",1992,"0"
"Syria",1993,"0"
"Syria",1994,"0"
"Syria",1995,"0"
"Syria",1996,"0"
"Syria",1997,"0"
"Syria",1998,"0"
"Syria",1999,"0"
"Syria",2000,"0"
"Syria",2001,"0"
"Syria",2002,"0"
"Syria",2003,"0"
"Syria",2004,"0"
"Syria",2005,"0"
"Syria",2006,"0"
"Syria",2007,"0"
"Syria",2008,"0"
"Syria",2009,"0"
"Syria",2010,"0"
"Syria",2011,"0"
"Syria",2012,"0"
"Syria",2013,"0"
"Syria",2014,"0"
"Syria",2015,"0"
"Syria",2016,"0"
"Syria",2017,"0"
"Syria",2018,"0"
"Syria",2019,"0"
"Syria",2020,"0"
"Syria",2021,"0"
"Syria",2022,"0"
"Taiwan",1990,"583.906"
"Taiwan",1991,"617.346"
"Taiwan",1992,"655.924"
"Taiwan",1993,"693.985"
"Taiwan",1994,"736.446"
"Taiwan",1995,"782.385"
"Taiwan",1996,"814.616"
"Taiwan",1997,"862.383"
"Taiwan",1998,"914.108"
"Taiwan",1999,"955.922"
"Taiwan",2000,"1015.961"
"Taiwan",2001,"1046.754"
"Taiwan",2002,"1091.671"
"Taiwan",2003,"1140.389"
"Taiwan",2004,"1188.646"
"Taiwan",2005,"1204.337"
"Taiwan",2006,"1236.302"
"Taiwan",2007,"1288.321"
"Taiwan",2008,"1245.811"
"Taiwan",2009,"1212.808"
"Taiwan",2010,"1300.423"
"Taiwan",2011,"1294.145"
"Taiwan",2012,"1282.284"
"Taiwan",2013,"1309.855"
"Taiwan",2014,"1338.884"
"Taiwan",2015,"1337.551"
"Taiwan",2016,"1346.647"
"Taiwan",2017,"1344.846"
"Taiwan",2018,"1362.857"
"Taiwan",2019,"1338.213"
"Taiwan",2020,"1300.532"
"Taiwan",2021,"1377.219"
"Taiwan",2022,"1322.309"
"Tajikistan",1992,"0"
"Tajikistan",1993,"0"
"Tajikistan",1994,"0"
"Tajikistan",1995,"0"
"Tajikistan",1996,"0"
"Tajikistan",1997,"0"
"Tajikistan",1998,"0"
"Tajikistan",1999,"0"
"Tajikistan",2000,"0"
"Tajikistan",2001,"0"
"Tajikistan",2002,"0"
"Tajikistan",2003,"0"
"Tajikistan",2004,"0"
"Tajikistan",2005,"0"
"Tajikistan",2006,"0"
"Tajikistan",2007,"0"
"Tajikistan",2008,"0"
"Tajikistan",2009,"0"
"Tajikistan",2010,"0"
"Tajikistan",2011,"0"
"Tajikistan",2012,"0"
"Tajikistan",2013,"0"
"Tajikistan",2014,"0"
"Tajikistan",2015,"0"
"Tajikistan",2016,"0"
"Tajikistan",2017,"0"
"Tajikistan",2018,"0"
"Tajikistan",2019,"0"
"Tajikistan",2020,"0"
"Tajikistan",2021,"0"
"Tanzania",1990,"0"
"Tanzania",1991,"0"
"Tanzania",1992,"0"
"Tanzania",1993,"0"
"Tanzania",1994,"0"
"Tanzania",1995,"0"
"Tanzania",1996,"0"
"Tanzania",1997,"0"
"Tanzania",1998,"0"
"Tanzania",1999,"0"
"Tanzania",2000,"0"
"Tanzania",2001,"0"
"Tanzania",2002,"0"
"Tanzania",2003,"0"
"Tanzania",2004,"0"
"Tanzania",2005,"0"
"Tanzania",2006,"0"
"Tanzania",2007,"0"
"Tanzania",2008,"0"
"Tanzania",2009,"0"
"Tanzania",2010,"0"
"Tanzania",2011,"0"
"Tanzania",2012,"0"
"Tanzania",2013,"0"
"Tanzania",2014,"0"
"Tanzania",2015,"0"
"Tanzania",2016,"0"
"Tanzania",2017,"0"
"Tanzania",2018,"0"
"Tanzania",2019,"0"
"Tanzania",2020,"0"
"Tanzania",2021,"0"
"Thailand",1990,"353.989"
"Thailand",1991,"390.544"
"Thailand",1992,"427.353"
"Thailand",1993,"484.901"
"Thailand",1994,"544.958"
"Thailand",1995,"614.906"
"Thailand",1996,"695.542"
"Thailand",1997,"732.032"
"Thailand",1998,"674.235"
"Thailand",1999,"714.141"
"Thailand",2000,"740.269"
"Thailand",2001,"780.495"
"Thailand",2002,"845.854"
"Thailand",2003,"908.172"
"Thailand",2004,"984.352"
"Thailand",2005,"1015.704"
"Thailand",2006,"1037.119"
"Thailand",2007,"1071.526"
"Thailand",2008,"1072.271"
"Thailand",2009,"1101.169"
"Thailand",2010,"1170.309"
"Thailand",2011,"1199.683"
"Thailand",2012,"1286.375"
"Thailand",2013,"1290.756"
"Thailand",2014,"1329.548"
"Thailand",2015,"1358.697"
"Thailand",2016,"1383.384"
"Thailand",2017,"1407.066"
"Thailand",2018,"1444.393"
"Thailand",2019,"1442.482"
"Thailand",2020,"1340.115"
"Thailand",2021,"1348.105"
"Thailand",2022,"1363.172"
"Togo",1990,"0"
"Togo",1991,"0"
"Togo",1992,"0"
"Togo",1993,"0"
"Togo",1994,"0"
"Togo",1995,"0"
"Togo",1996,"0"
"Togo",1997,"0"
"Togo",1998,"0"
"Togo",1999,"0"
"Togo",2000,"0"
"Togo",2001,"0"
"Togo",2002,"0"
"Togo",2003,"0"
"Togo",2004,"0"
"Togo",2005,"0"
"Togo",2006,"0"
"Togo",2007,"0"
"Togo",2008,"0"
"Togo",2009,"0"
"Togo",2010,"0"
"Togo",2011,"0"
"Togo",2012,"0"
"Togo",2013,"0"
"Togo",2014,"0"
"Togo",2015,"0"
"Togo",2016,"0"
"Togo",2017,"0"
"Togo",2018,"0"
"Togo",2019,"0"
"Togo",2020,"0"
"Togo",2021,"0"
"Tonga",1990,"0"
"Tonga",1991,"0"
"Tonga",1992,"0"
"Tonga",1993,"0"
"Tonga",1994,"0"
"Tonga",1995,"0"
"Tonga",1996,"0"
"Tonga",1997,"0"
"Tonga",1998,"0"
"Tonga",1999,"0"
"Tonga",2000,"0"
"Tonga",2001,"0"
"Tonga",2002,"0"
"Tonga",2003,"0"
"Tonga",2004,"0"
"Tonga",2005,"0"
"Tonga",2006,"0"
"Tonga",2007,"0"
"Tonga",2008,"0"
"Tonga",2009,"0"
"Tonga",2010,"0"
"Tonga",2011,"0"
"Tonga",2012,"0"
"Tonga",2013,"0"
"Tonga",2014,"0"
"Tonga",2015,"0"
"Tonga",2016,"0"
"Tonga",2017,"0"
"Tonga",2018,"0"
"Tonga",2019,"0"
"Tonga",2020,"0"
"Tonga",2021,"0"
"Trinidad and Tobago",1990,"69.501"
"Trinidad and Tobago",1991,"69.309"
"Trinidad and Tobago",1992,"73.351"
"Trinidad and Tobago",1993,"77.328"
"Trinidad and Tobago",1994,"81.941"
"Trinidad and Tobago",1995,"88.866"
"Trinidad and Tobago",1996,"100.747"
"Trinidad and Tobago",1997,"100.717"
"Trinidad and Tobago",1998,"102.233"
"Trinidad and Tobago",1999,"113.631"
"Trinidad and Tobago",2000,"118.773"
"Trinidad and Tobago",2001,"128.130"
"Trinidad and Tobago",2002,"139.058"
"Trinidad and Tobago",2003,"155.955"
"Trinidad and Tobago",2004,"171.476"
"Trinidad and Tobago",2005,"183.871"
"Trinidad and Tobago",2006,"214.757"
"Trinidad and Tobago",2007,"221.476"
"Trinidad and Tobago",2008,"218.216"
"Trinidad and Tobago",2009,"216.410"
"Trinidad and Tobago",2010,"233.871"
"Trinidad and Tobago",2011,"229.674"
"Trinidad and Tobago",2012,"226.102"
"Trinidad and Tobago",2013,"230.297"
"Trinidad and Tobago",2014,"229.113"
"Trinidad and Tobago",2015,"222.304"
"Trinidad and Tobago",2016,"197.235"
"Trinidad and Tobago",2017,"209.287"
"Trinidad and Tobago",2018,"198.095"
"Trinidad and Tobago",2019,"188.039"
"Trinidad and Tobago",2020,"165.166"
"Trinidad and Tobago",2021,"169.427"
"Trinidad and Tobago",2022,"164.233"
"Tunisia",1990,"0"
"Tunisia",1991,"0"
"Tunisia",1992,"0"
"Tunisia",1993,"0"
"Tunisia",1994,"0"
"Tunisia",1995,"0"
"Tunisia",1996,"0"
"Tunisia",1997,"0"
"Tunisia",1998,"0"
"Tunisia",1999,"0"
"Tunisia",2000,"0"
"Tunisia",2001,"0"
"Tunisia",2002,"0"
"Tunisia",2003,"0"
"Tunisia",2004,"0"
"Tunisia",2005,"0"
"Tunisia",2006,"0"
"Tunisia",2007,"0"
"Tunisia",2008,"0"
"Tunisia",2009,"0"
"Tunisia",2010,"0"
"Tunisia",2011,"0"
"Tunisia",2012,"0"
"Tunisia",2013,"0"
"Tunisia",2014,"0"
"Tunisia",2015,"0"
"Tunisia",2016,"0"
"Tunisia",2017,"0"
"Tunisia",2018,"0"
"Tunisia",2019,"0"
"Tunisia",2020,"0"
"Tunisia",2021,"0"
"Tunisia",2022,"0"
"Turkey",1990,"561.770"
"Turkey",1991,"573.367"
"Turkey",1992,"602.952"
"Turkey",1993,"655.273"
"Turkey",1994,"634.560"
"Turkey",1995,"709.622"
"Turkey",1996,"774.310"
"Turkey",1997,"809.611"
"Turkey",1998,"830.457"
"Turkey",1999,"808.957"
"Turkey",2000,"863.933"
"Turkey",2001,"784.790"
"Turkey",2002,"858.924"
"Turkey",2003,"909.789"
"Turkey",2004,"974.278"
"Turkey",2005,"996.383"
"Turkey",2006,"1105.402"
"Turkey",2007,"1173.618"
"Turkey",2008,"1177.451"
"Turkey",2009,"1192.296"
"Turkey",2010,"1256.978"
"Turkey",2011,"1343.037"
"Turkey",2012,"1425.137"
"Turkey",2013,"1412.761"
"Turkey",2014,"1452.546"
"Turkey",2015,"1593.931"
"Turkey",2016,"1667.230"
"Turkey",2017,"1762.264"
"Turkey",2018,"1737.164"
"Turkey",2019,"1796.943"
"Turkey",2020,"1759.865"
"Turkey",2021,"1882.402"
"Turkey",2022,"1890.586"
"Turkmenistan",1990,"151.892"
"Turkmenistan",1991,"155.991"
"Turkmenistan",1992,"148.971"
"Turkmenistan",1993,"122.294"
"Turkmenistan",1994,"130.454"
"Turkmenistan",1995,"107.380"
"Turkmenistan",1996,"156.410"
"Turkmenistan",1997,"119.769"
"Turkmenistan",1998,"149.135"
"Turkmenistan",1999,"142.357"
"Turkmenistan",2000,"119.820"
"Turkmenistan",2001,"151.237"
"Turkmenistan",2002,"127.565"
"Turkmenistan",2003,"176.119"
"Turkmenistan",2004,"174.406"
"Turkmenistan",2005,"176.601"
"Turkmenistan",2006,"178.462"
"Turkmenistan",2007,"173.173"
"Turkmenistan",2008,"142.056"
"Turkmenistan",2009,"231.601"
"Turkmenistan",2010,"249.566"
"Turkmenistan",2011,"276.999"
"Turkmenistan",2012,"301.966"
"Turkmenistan",2013,"268.246"
"Turkmenistan",2014,"278.039"
"Turkmenistan",2015,"332.823"
"Turkmenistan",2016,"329.542"
"Turkmenistan",2017,"326.027"
"Turkmenistan",2018,"362.992"
"Turkmenistan",2019,"356.948"
"Turkmenistan",2020,"422.697"
"Turkmenistan",2021,"449.421"
"Turkmenistan",2022,"458.947"
"Turks and Caicos Islands",1990,"0"
"Turks and Caicos Islands",1991,"0"
"Turks and Caicos Islands",1992,"0"
"Turks and Caicos Islands",1993,"0"
"Turks and Caicos Islands",1994,"0"
"Turks and Caicos Islands",1995,"0"
"Turks and Caicos Islands",1996,"0"
"Turks and Caicos Islands",1997,"0"
"Turks and Caicos Islands",1998,"0"
"Turks and Caicos Islands",1999,"0"
"Turks and Caicos Islands",2000,"0"
"Turks and Caicos Islands",2001,"0"
"Turks and Caicos Islands",2002,"0"
"Turks and Caicos Islands",2003,"0"
"Turks and Caicos Islands",2004,"0"
"Turks and Caicos Islands",2005,"0"
"Turks and Caicos Islands",2006,"0"
"Turks and Caicos Islands",2007,"0"
"Turks and Caicos Islands",2008,"0"
"Turks and Caicos Islands",2009,"0"
"Turks and Caicos Islands",2010,"0"
"Turks and Caicos Islands",2011,"0"
"Turks and Caicos Islands",2012,"0"
"Turks and Caicos Islands",2013,"0"
"Turks and Caicos Islands",2014,"0"
"Turks and Caicos Islands",2015,"0"
"Turks and Caicos Islands",2016,"0"
"Turks and Caicos Islands",2017,"0"
"Turks and Caicos Islands",2018,"0"
"Turks and Caicos Islands",2019,"0"
"Turks and Caicos Islands",2020,"0"
"Turks and Caicos Islands",2021,"0"
"Tuvalu",1990,"0"
"Tuvalu",1991,"0"
"Tuvalu",1992,"0"
"Tuvalu",1993,"0"
"Tuvalu",1994,"0"
"Tuvalu",1995,"0"
"Tuvalu",1996,"0"
"Tuvalu",1997,"0"
"Tuvalu",1998,"0"
"Tuvalu",1999,"0"
"Tuvalu",2000,"0"
"Tuvalu",2001,"0"
"Tuvalu",2002,"0"
"Tuvalu",2003,"0"
"Tuvalu",2004,"0"
"Tuvalu",2005,"0"
"Tuvalu",2006,"0"
"Tuvalu",2007,"0"
"Tuvalu",2008,"0"
"Tuvalu",2009,"0"
"Tuvalu",2010,"0"
"Tuvalu",2011,"0"
"Tuvalu",2012,"0"
"Tuvalu",2013,"0"
"Tuvalu",2014,"0"
"Tuvalu",2015,"0"
"Tuvalu",2016,"0"
"Tuvalu",2017,"0"
"Tuvalu",2018,"0"
"Tuvalu",2019,"0"
"Tuvalu",2020,"0"
"Tuvalu",2021,"0"
"Uganda",1990,"0"
"Uganda",1991,"0"
"Uganda",1992,"0"
"Uganda",1993,"0"
"Uganda",1994,"0"
"Uganda",1995,"0"
"Uganda",1996,"0"
"Uganda",1997,"0"
"Uganda",1998,"0"
"Uganda",1999,"0"
"Uganda",2000,"0"
"Uganda",2001,"0"
"Uganda",2002,"0"
"Uganda",2003,"0"
"Uganda",2004,"0"
"Uganda",2005,"0"
"Uganda",2006,"0"
"Uganda",2007,"0"
"Uganda",2008,"0"
"Uganda",2009,"0"
"Uganda",2010,"0"
"Uganda",2011,"0"
"Uganda",2012,"0"
"Uganda",2013,"0"
"Uganda",2014,"0"
"Uganda",2015,"0"
"Uganda",2016,"0"
"Uganda",2017,"0"
"Uganda",2018,"0"
"Uganda",2019,"0"
"Uganda",2020,"0"
"Uganda",2021,"0"
"Ukraine",1990,"3194.697"
"Ukraine",1991,"2994.567"
"Ukraine",1992,"2530.553"
"Ukraine",1993,"2218.278"
"Ukraine",1994,"1895.851"
"Ukraine",1995,"1849.756"
"Ukraine",1996,"1724.072"
"Ukraine",1997,"1662.888"
"Ukraine",1998,"1604.654"
"Ukraine",1999,"1580.585"
"Ukraine",2000,"1585.456"
"Ukraine",2001,"1562.899"
"Ukraine",2002,"1553.237"
"Ukraine",2003,"1591.929"
"Ukraine",2004,"1585.871"
"Ukraine",2005,"1605.493"
"Ukraine",2006,"1624.432"
"Ukraine",2007,"1616.985"
"Ukraine",2008,"1561.209"
"Ukraine",2009,"1330.114"
"Ukraine",2010,"1426.314"
"Ukraine",2011,"1474.317"
"Ukraine",2012,"1442.561"
"Ukraine",2013,"1369.244"
"Ukraine",2014,"1207.955"
"Ukraine",2015,"1002.946"
"Ukraine",2016,"1049.560"
"Ukraine",2017,"974.660"
"Ukraine",2018,"1011.030"
"Ukraine",2019,"956.365"
"Ukraine",2020,"916.040"
"Ukraine",2021,"931.698"
"Ukraine",2022,"645.911"
"United Arab Emirates",1990,"344.952"
"United Arab Emirates",1991,"420.837"
"United Arab Emirates",1992,"406.695"
"United Arab Emirates",1993,"423.470"
"United Arab Emirates",1994,"464.674"
"United Arab Emirates",1995,"484.871"
"United Arab Emirates",1996,"499.687"
"United Arab Emirates",1997,"521.456"
"United Arab Emirates",1998,"534.112"
"United Arab Emirates",1999,"538.369"
"United Arab Emirates",2000,"535.782"
"United Arab Emirates",2001,"541.566"
"United Arab Emirates",2002,"591.693"
"United Arab Emirates",2003,"631.155"
"United Arab Emirates",2004,"675.065"
"United Arab Emirates",2005,"704.597"
"United Arab Emirates",2006,"741.293"
"United Arab Emirates",2007,"818.361"
"United Arab Emirates",2008,"938.401"
"United Arab Emirates",2009,"925.576"
"United Arab Emirates",2010,"972.491"
"United Arab Emirates",2011,"1020.931"
"United Arab Emirates",2012,"1074.099"
"United Arab Emirates",2013,"1133.244"
"United Arab Emirates",2014,"1130.878"
"United Arab Emirates",2015,"1229.609"
"United Arab Emirates",2016,"1278.223"
"United Arab Emirates",2017,"1229.672"
"United Arab Emirates",2018,"1213.716"
"United Arab Emirates",2019,"1242.454"
"United Arab Emirates",2020,"1170.879"
"United Arab Emirates",2021,"1309.516"
"United Arab Emirates",2022,"1402.709"
"United Kingdom",1990,"2506.492"
"United Kingdom",1991,"2559.021"
"United Kingdom",1992,"2542.345"
"United Kingdom",1993,"2570.901"
"United Kingdom",1994,"2538.976"
"United Kingdom",1995,"2547.305"
"United Kingdom",1996,"2670.535"
"United Kingdom",1997,"2623.263"
"United Kingdom",1998,"2643.346"
"United Kingdom",1999,"2628.685"
"United Kingdom",2000,"2652.082"
"United Kingdom",2001,"2677.727"
"United Kingdom",2002,"2615.193"
"United Kingdom",2003,"2649.663"
"United Kingdom",2004,"2667.704"
"United Kingdom",2005,"2684.426"
"United Kingdom",2006,"2649.263"
"United Kingdom",2007,"2574.862"
"United Kingdom",2008,"2528.527"
"United Kingdom",2009,"2395.812"
"United Kingdom",2010,"2442.387"
"United Kingdom",2011,"2299.542"
"United Kingdom",2012,"2332.566"
"United Kingdom",2013,"2313.803"
"United Kingdom",2014,"2167.901"
"United Kingdom",2015,"2182.300"
"United Kingdom",2016,"2155.779"
"United Kingdom",2017,"2150.906"
"United Kingdom",2018,"2131.890"
"United Kingdom",2019,"2077.228"
"United Kingdom",2020,"1847.621"
"United Kingdom",2021,"1872.067"
"United Kingdom",2022,"1918.709"
"United States",1990,"22428.953"
"United States",1991,"22388.976"
"United States",1992,"22708.466"
"United States",1993,"23182.653"
"United States",1994,"23614.370"
"United States",1995,"24143.953"
"United States",1996,"24959.811"
"United States",1997,"25145.642"
"United States",1998,"25308.548"
"United States",1999,"25758.429"
"United States",2000,"26338.142"
"United States",2001,"25704.840"
"United States",2002,"26074.650"
"United States",2003,"26158.618"
"United States",2004,"26674.540"
"United States",2005,"26685.259"
"United States",2006,"26471.906"
"United States",2007,"26835.356"
"United States",2008,"26178.466"
"United States",2009,"24880.083"
"United States",2010,"25720.723"
"United States",2011,"25492.961"
"United States",2012,"24811.139"
"United States",2013,"25479.828"
"United States",2014,"25737.751"
"United States",2015,"25489.917"
"United States",2016,"25469.467"
"United States",2017,"25565.418"
"United States",2018,"26514.517"
"United States",2019,"26340.310"
"United States",2020,"24377.101"
"United States",2021,"25720.505"
"United States",2022,"26417.366"
"United States Virgin Islands",1990,"0"
"United States Virgin Islands",1991,"0"
"United States Virgin Islands",1992,"0"
"United States Virgin Islands",1993,"0"
"United States Virgin Islands",1994,"0"
"United States Virgin Islands",1995,"0"
"United States Virgin Islands",1996,"0"
"United States Virgin Islands",1997,"0"
"United States Virgin Islands",1998,"0"
"United States Virgin Islands",1999,"0"
"United States Virgin Islands",2000,"0"
"United States Virgin Islands",2001,"0"
"United States Virgin Islands",2002,"0"
"United States Virgin Islands",2003,"0"
"United States Virgin Islands",2004,"0"
"United States Virgin Islands",2005,"0"
"United States Virgin Islands",2006,"0"
"United States Virgin Islands",2007,"0"
"United States Virgin Islands",2008,"0"
"United States Virgin Islands",2009,"0"
"United States Virgin Islands",2010,"0"
"United States Virgin Islands",2011,"0"
"United States Virgin Islands",2012,"0"
"United States Virgin Islands",2013,"0"
"United States Virgin Islands",2014,"0"
"United States Virgin Islands",2015,"0"
"United States Virgin Islands",2016,"0"
"United States Virgin Islands",2017,"0"
"United States Virgin Islands",2018,"0"
"United States Virgin Islands",2019,"0"
"United States Virgin Islands",2020,"0"
"United States Virgin Islands",2021,"0"
"Uruguay",1990,"0"
"Uruguay",1991,"0"
"Uruguay",1992,"0"
"Uruguay",1993,"0"
"Uruguay",1994,"0"
"Uruguay",1995,"0"
"Uruguay",1996,"0"
"Uruguay",1997,"0"
"Uruguay",1998,"0"
"Uruguay",1999,"0"
"Uruguay",2000,"0"
"Uruguay",2001,"0"
"Uruguay",2002,"0"
"Uruguay",2003,"0"
"Uruguay",2004,"0"
"Uruguay",2005,"0"
"Uruguay",2006,"0"
"Uruguay",2007,"0"
"Uruguay",2008,"0"
"Uruguay",2009,"0"
"Uruguay",2010,"0"
"Uruguay",2011,"0"
"Uruguay",2012,"0"
"Uruguay",2013,"0"
"Uruguay",2014,"0"
"Uruguay",2015,"0"
"Uruguay",2016,"0"
"Uruguay",2017,"0"
"Uruguay",2018,"0"
"Uruguay",2019,"0"
"Uruguay",2020,"0"
"Uruguay",2021,"0"
"Uruguay",2022,"0"
"Uzbekistan",1990,"520.908"
"Uzbekistan",1991,"514.665"
"Uzbekistan",1992,"487.920"
"Uzbekistan",1993,"524.773"
"Uzbekistan",1994,"514.864"
"Uzbekistan",1995,"508.390"
"Uzbekistan",1996,"524.470"
"Uzbekistan",1997,"518.986"
"Uzbekistan",1998,"518.009"
"Uzbekistan",1999,"587.198"
"Uzbekistan",2000,"599.548"
"Uzbekistan",2001,"601.536"
"Uzbekistan",2002,"616.747"
"Uzbekistan",2003,"565.448"
"Uzbekistan",2004,"563.673"
"Uzbekistan",2005,"562.589"
"Uzbekistan",2006,"526.855"
"Uzbekistan",2007,"564.302"
"Uzbekistan",2008,"529.184"
"Uzbekistan",2009,"525.139"
"Uzbekistan",2010,"531.187"
"Uzbekistan",2011,"558.953"
"Uzbekistan",2012,"543.062"
"Uzbekistan",2013,"545.339"
"Uzbekistan",2014,"563.814"
"Uzbekistan",2015,"538.093"
"Uzbekistan",2016,"515.032"
"Uzbekistan",2017,"531.662"
"Uzbekistan",2018,"533.657"
"Uzbekistan",2019,"534.630"
"Uzbekistan",2020,"531.753"
"Uzbekistan",2021,"564.146"
"Uzbekistan",2022,"586.240"
"Vanuatu",1990,"0"
"Vanuatu",1991,"0"
"Vanuatu",1992,"0"
"Vanuatu",1993,"0"
"Vanuatu",1994,"0"
"Vanuatu",1995,"0"
"Vanuatu",1996,"0"
"Vanuatu",1997,"0"
"Vanuatu",1998,"0"
"Vanuatu",1999,"0"
"Vanuatu",2000,"0"
"Vanuatu",2001,"0"
"Vanuatu",2002,"0"
"Vanuatu",2003,"0"
"Vanuatu",2004,"0"
"Vanuatu",2005,"0"
"Vanuatu",2006,"0"
"Vanuatu",2007,"0"
"Vanuatu",2008,"0"
"Vanuatu",2009,"0"
"Vanuatu",2010,"0"
"Vanuatu",2011,"0"
"Vanuatu",2012,"0"
"Vanuatu",2013,"0"
"Vanuatu",2014,"0"
"Vanuatu",2015,"0"
"Vanuatu",2016,"0"
"Vanuatu",2017,"0"
"Vanuatu",2018,"0"
"Vanuatu",2019,"0"
"Vanuatu",2020,"0"
"Vanuatu",2021,"0"
"Venezuela",1990,"603.554"
"Venezuela",1991,"607.641"
"Venezuela",1992,"657.615"
"Venezuela",1993,"650.657"
"Venezuela",1994,"706.328"
"Venezuela",1995,"727.397"
"Venezuela",1996,"708.863"
"Venezuela",1997,"749.356"
"Venezuela",1998,"794.730"
"Venezuela",1999,"795.373"
"Venezuela",2000,"818.317"
"Venezuela",2001,"850.195"
"Venezuela",2002,"860.090"
"Venezuela",2003,"803.777"
"Venezuela",2004,"873.013"
"Venezuela",2005,"899.728"
"Venezuela",2006,"949.324"
"Venezuela",2007,"1002.801"
"Venezuela",2008,"984.146"
"Venezuela",2009,"981.844"
"Venezuela",2010,"946.352"
"Venezuela",2011,"969.912"
"Venezuela",2012,"1015.111"
"Venezuela",2013,"1023.759"
"Venezuela",2014,"982.845"
"Venezuela",2015,"969.079"
"Venezuela",2016,"844.152"
"Venezuela",2017,"850.915"
"Venezuela",2018,"718.067"
"Venezuela",2019,"615.090"
"Venezuela",2020,"504.999"
"Venezuela",2021,"583.351"
"Venezuela",2022,"613.667"
"Vietnam",1990,"77.127"
"Vietnam",1991,"78.514"
"Vietnam",1992,"85.792"
"Vietnam",1993,"97.972"
"Vietnam",1994,"109.445"
"Vietnam",1995,"127.153"
"Vietnam",1996,"145.773"
"Vietnam",1997,"167.918"
"Vietnam",1998,"181.610"
"Vietnam",1999,"188.049"
"Vietnam",2000,"214.149"
"Vietnam",2001,"242.045"
"Vietnam",2002,"264.755"
"Vietnam",2003,"285.328"
"Vietnam",2004,"347.774"
"Vietnam",2005,"369.632"
"Vietnam",2006,"338.761"
"Vietnam",2007,"370.021"
"Vietnam",2008,"457.033"
"Vietnam",2009,"467.527"
"Vietnam",2010,"540.049"
"Vietnam",2011,"596.963"
"Vietnam",2012,"624.111"
"Vietnam",2013,"659.259"
"Vietnam",2014,"727.959"
"Vietnam",2015,"829.283"
"Vietnam",2016,"899.310"
"Vietnam",2017,"967.698"
"Vietnam",2018,"1085.744"
"Vietnam",2019,"1205.002"
"Vietnam",2020,"1204.558"
"Vietnam",2021,"1205.751"
"Vietnam",2022,"1273.608"
"Western Sahara",1990,"0"
"Western Sahara",1991,"0"
"Western Sahara",1992,"0"
"Western Sahara",1993,"0"
"Western Sahara",1994,"0"
"Western Sahara",1995,"0"
"Western Sahara",1996,"0"
"Western Sahara",1997,"0"
"Western Sahara",1998,"0"
"Western Sahara",1999,"0"
"Western Sahara",2000,"0"
"Western Sahara",2001,"0"
"Western Sahara",2002,"0"
"Western Sahara",2003,"0"
"Western Sahara",2004,"0"
"Western Sahara",2005,"0"
"Western Sahara",2006,"0"
"Western Sahara",2007,"0"
"Western Sahara",2008,"0"
"Western Sahara",2009,"0"
"Western Sahara",2010,"0"
"Western Sahara",2011,"0"
"Western Sahara",2012,"0"
"Western Sahara",2013,"0"
"Western Sahara",2014,"0"
"Western Sahara",2015,"0"
"Western Sahara",2016,"0"
"Western Sahara",2017,"0"
"Western Sahara",2018,"0"
"Western Sahara",2019,"0"
"Western Sahara",2020,"0"
"Western Sahara",2021,"0"
"Yemen",1990,"0"
"Yemen",1991,"0"
"Yemen",1992,"0"
"Yemen",1993,"0"
"Yemen",1994,"0"
"Yemen",1995,"0"
"Yemen",1996,"0"
"Yemen",1997,"0"
"Yemen",1998,"0"
"Yemen",1999,"0"
"Yemen",2000,"0"
"Yemen",2001,"0"
"Yemen",2002,"0"
"Yemen",2003,"0"
"Yemen",2004,"0"
"Yemen",2005,"0"
"Yemen",2006,"0"
"Yemen",2007,"0"
"Yemen",2008,"0"
"Yemen",2009,"0"
"Yemen",2010,"0"
"Yemen",2011,"0"
"Yemen",2012,"0"
"Yemen",2013,"0"
"Yemen",2014,"0"
"Yemen",2015,"0"
"Yemen",2016,"0"
"Yemen",2017,"0"
"Yemen",2018,"0"
"Yemen",2019,"0"
"Yemen",2020,"0"
"Yemen",2021,"0"
"Yemen",2022,"0"
"Zambia",1990,"0"
"Zambia",1991,"0"
"Zambia",1992,"0"
"Zambia",1993,"0"
"Zambia",1994,"0"
"Zambia",1995,"0"
"Zambia",1996,"0"
"Zambia",1997,"0"
"Zambia",1998,"0"
"Zambia",1999,"0"
"Zambia",2000,"0"
"Zambia",2001,"0"
"Zambia",2002,"0"
"Zambia",2003,"0"
"Zambia",2004,"0"
"Zambia",2005,"0"
"Zambia",2006,"0"
"Zambia",2007,"0"
"Zambia",2008,"0"
"Zambia",2009,"0"
"Zambia",2010,"0"
"Zambia",2011,"0"
"Zambia",2012,"0"
"Zambia",2013,"0"
"Zambia",2014,"0"
"Zambia",2015,"0"
"Zambia",2016,"0"
"Zambia",2017,"0"
"Zambia",2018,"0"
"Zambia",2019,"0"
"Zambia",2020,"0"
"Zambia",2021,"0"
"Zimbabwe",1990,"0"
"Zimbabwe",1991,"0"
"Zimbabwe",1992,"0"
"Zimbabwe",1993,"0"
"Zimbabwe",1994,"0"
"Zimbabwe",1995,"0"
"Zimbabwe",1996,"0"
"Zimbabwe",1997,"0"
"Zimbabwe",1998,"0"
"Zimbabwe",1999,"0"
"Zimbabwe",2000,"0"
"Zimbabwe",2001,"0"
"Zimbabwe",2002,"0"
"Zimbabwe",2003,"0"
"Zimbabwe",2004,"0"
"Zimbabwe",2005,"0"
"Zimbabwe",2006,"0"
"Zimbabwe",2007,"0"
"Zimbabwe",2008,"0"
"Zimbabwe",2009,"0"
"Zimbabwe",2010,"0"
"Zimbabwe",2011,"0"
"Zimbabwe",2012,"0"
"Zimbabwe",2013,"0"
"Zimbabwe",2014,"0"
"Zimbabwe",2015,"0"
"Zimbabwe",2016,"0"
"Zimbabwe",2017,"0"
"Zimbabwe",2018,"0"
"Zimbabwe",2019,"0"
"Zimbabwe",2020,"0"
"Zimbabwe",2021,"0"
"Zimbabwe",2022,"0"
